itemno;title;description;gallay-title;gallay-description
70002;X-mas tree, crystals, gold;article with  Crystals (glass), gold plated 24K Gold;X-mas tree, crystal elements, gold;article with crystal elements (glass), gold plated
70003;WATERING CAN, CRYSTAL ELEMENTS, GOLD, NEW;This decoration item is a beautiful watering can with crystal glass elements and a gold plated surface. This little beauty can serve as a perfect gift and it can also be a wonderful accessory for a chic home!;watering can, crystal elements, gold;article with crystal elements (glass), gold plated, with movable handle
70004;Umbrella, Crystal Elements, Gold Plated;What an extraordinary gift! This elegant piece of decoration has eight cut glass cristals. The umbrella is gold plated and its sophisticated finish provides a great, long lasting quality!;umbrella, crystal elements, gold;article with crystal elements (glass), gold plated
70005;Dolphin, Crystal Elements, Gold Plated;A wonderful dolphin for decoration which is gold plated with 24 ct gold. The ornament has  glass crystals incorporated which let the adornment look beautiful and stunning!;dolphin, crystal elements, gold-plated;article with crystal elements (glass), gold plated
70006;Rabbit, Crystal Elements, Gold Plated;This beautiful decoration item represents a little bunny with open arms and long ears. It has some wonderful glass crystal elements and a gold plated surface. The home decoration item can be a lovely gift or a great accessory for your own living room.;rabbit, crystal elements, gold-plated;article with crystal elements (glass), gold plated
70008;Lion, Crystal Elements, Gold Plated;This decoration item is a beautiful lion with crystal glass elements and a gold plated surface. The ornament can serve as a perfect gift and it can also be a wonderful accessory for a chic home!;lion, crystal elements, gold-plated;article with crystal elements (glass), gold plated
70010;Piano, Crystal Elements, 24K Gold Plated;A wonderful small piano for decoration which is gold plated with 24K gold. The ornament has  glass crystals incorporated which let the adornment look beautiful and stunning!;piano, crystal elements, gold;article with crystal elements (glass), gold plated, with movable cover
70011;violin, crystals, gold;A wonderful small violin for decoration which is gold plated with 24 ct gold. The ornament has  glass crystals incorporated which let the adornment look beautiful and stunning!;violin, crystal elements, gold-plated;article with crystal elements (glass), gold plated
70012;Penguin, Crystal Elements, Gold Plated;This decoration item is a beautiful penguin with crystal glass elements and a gold plated surface. The ornament can serve as a perfect gift and it can also be a wonderful accessory for a chic home!;penguin, crystal elements, gold-plated;article with crystal elements (glass), gold plated
70014;pram, crystals, gold;A wonderful small pram for decoration which is gold plated with 24 ct gold. The wheels are movable and the ornament has  glass crystals incorporated which let the adornment look beautiful and stunning!;pram, crystal elements, gold;article with crystal elements (glass), gold plated, the wheels are movable
70015;Fish, Crystal Elements, Gold Plated;This decoration item is a beautiful fish with crystal glass elements and a gold plated surface. The ornament can serve as a perfect gift and it can also be a wonderful accessory for a chic home!;fisch, crystal elements, gold-plated;article with crystal elements (glass), gold plated
70016;Wind Chimes Ornament, Crystals, Gold Plated;This decoration item is a beautiful wind chime ornament with crystal glass elements and a gold plated surface. The ornament can serve as a perfect gift and it can also be a wonderful accessory for a chic home!;Stand with windchime ball, with;
70017;;This decoration item is a beautiful Snowflake with crystal glass elements and a gold plated surface. This hanger can serve as a perfect gift and it can also be a wonderful accessory for a chic home!;snowflake, crystal elements, gold;article with crystal elements (glass), gold plated, hanging decoration
70019;Ladybird, Crystal Elements, Gold Plated;This decoration item is a beautiful ladybird with crystal glass elements and a gold plated surface. The ornament can serve as a perfect gift and it can also be a wonderful accessory for a chic home!;lady bird, crystal elements, gold-plated;article with crystal elements (glass), gold plated
70020;fairytail-dragon with crystals;A wonderful fairytale dragon for decoration which is gold plated with 24 ct gold. The ornament has  glass crystals incorporated which let the adornment look beautiful and stunning!;fairytail-dragon with crystal elements;crystal elements (glass), gold plated
70021;Two Small Doves, Crystal Elements;How romantic is this couple of doves! A must-have for all lovers! The two flying doves are shaping a heart and it is therefore a wonderful gift for weddings or candle light dinners! Even more valuable is this decoration item because of its five polished glass crystals. The surface is sophisticatedly gold plated.;Small double Dove, crystal elements;gold-plated
70022;Candle Holder, 2 Hearts, Crystal Elements;How romantic is this couple of doves! A must-have for all lovers! These two connected hearts are a symbol of love forever, highly qualitative with two polished glass crystal elements. The decoration item is perfect for weddings or candle light dinners! The surface is sophisticatedly gold plated.;Candle holder 2 hearts, crystal elements;gold-plated
70023;Aeroplane, Crystal Elements, 24K Gold Plated;A wonderful small airplane for decoration which is gold plated with 24K gold. The wheels and the propeller is movable and the ornament has  glass crystals incorporated which let the adornment look beautiful and stunning!;aeroplane, crystal elements, gold;article with crystal elements (glass), gold plated, the wheels and propeller are movable
70025;Elf, Crystals, Gold Plated 24K;A wonderful small elf for decoration which is gold plated with 24K gold. The ornament is beautifully crafted and has  glass crystals incorporated which let the adornment look beautiful and stunning!;elf, crystal elements, gold;article with crystal elements (glass), gold plated
70026;Sailing Ship, Crystal Elements, Gold Plated 24K;A wonderful small sailing ship for decoration which is gold plated with 24K gold. The ornament has  glass crystals incorporated which let the adornment look beautiful and stunning!;sailing ship, crystal elements, gold;article with crystal elements (glass), gold plated
70029;gramophone, crystals, gold;A wonderful small gramophone for decoration which is gold plated with 24 ct gold. The ornament has movable pieces and  glass crystals are incorporated which let the adornment look beautiful and stunning!;gramophone, crystal elements, gold;article with crystal elements (glass), gold plated, with movable pieces
70037;Luminaire, Drop/ Ball, Glass Crystal;This drop shaped glass crystal ball looks stunning and is therefore a beautiful accessory for any home. The ornament has a lead content of 30% and it is called -Aurore Boréale-. A wonderful home accessory.;luminaire, ball, crystal;Full Lead Crystal, 30% PbO, -Aurore Boréale-
70057;Mountain, Crystal, Frosted Glass;This glass ornament is a beautiful crystal mountain with a partly frosted surface. The glass decoration item can serve as a wonderful gift or decorate your own home in an elegant and timeless style.;mountain, crystal frosted;
70065;Mountain Caves, Clear/ Peacock, Glass;This glass mountain ornament has a beautiful shape of caves in the mountain and the shimmering colours of a peacock. The glass decoration item can serve as a wonderful gift or decorate your own home in an elegant and timeless style.;mountain caves, clear peacock;
70068;Coast Mountain & Lighthouse, Clear Glass Crystal;This cost mountain ornament has a small lighthouse protruding from its peak. It is made for owners with a lot of imaginagion and fantasy and it can give that special touch to your home. A timeless and elegant ornament!;coast tower, clear crystal;
70079;Telephone, Crystal Elements, Gold Plated;This wonderful telephone decoration piece is well finished into every detail. The decorative article has movable elements (the receiver can be lifted) for a more authentic replica. The crystal elements look very elegant and the object can serve as a great gift for a special person!;telephone, crystal elements, gold;article with crystal elements (glass), gold plated, with movable pieces
70081;Heart & Butterfly, Cyrstal Elements;This is a wonderful decoration item with a couple of beautiful glass crystal elements. It is gold plated and can serve as a great gift to someone special.;heart and butterfly, crystal elements;article with crystal elements (glass), gold plated
70082;Diamond, Clear Glass Crystal;'Diamonds are the girl's best friend' - This diamond is a beautiful gift to any girl! It will magically make any woman glance at it, since it looks elegant and beautiful. A great home decoration item as a gift or something special for yourself!;diamond, clear crystal;
70083;SWING, 3 DOLPHINS, CRYSTAL ELEMENTS, GOLD;This decoration item is a beautiful silver plated swing. It has 3 Dolphins with crystal glass elements and a gold plated surfaces. The ornament is fully functional and will serve as a perfect gift and it can also be a wonderful accessory for a chic home!;swing with 3 dolphins crystal elements;article with crystal elements (glass), gold plated
70085;Zodiac Sign, Bermuda Blue, Aquarius;This glass ornament shows the zodiac sign of Aquarious. The glass shimmer has a wonderful bermuda blue and will always look great as a decoration item in your house. Also a nice gift option for someone special.;zodiac sign, bermuda blue, aquarius;
70086;ZODIAC SIGN, BERMUDA BLUE, LEO;This glass ornament shows the zodiac sign of Leo. The glass shimmer has a wonderful bermuda blue and will always look great as a decoration item in your house. Also a nice gift option for someone special.;zodiac sign, bermuda blue, lion;
70090;ZODIAC SIGN, BERMUDA BLUE, VIRGO;This glass ornament shows the zodiac sign of Virgo. The glass shimmer has a wonderful bermuda blue and will always look great as a decoration item in your house. Also a nice gift option for someone special.;zodiac sign, bermuda blue, virgo;
70091;ZODIAC SIGN, BERMUDA BLUE, CANCER;This glass ornament shows the zodiac sign of Cancer. The glass shimmer has a wonderful bermuda blue and will always look great as a decoration item in your house. Also a nice gift option for someone special.;zodiac sign, bermuda blue, cancer;
70092;ZODIAC SIGN, BERMUDA BLUE, GEMINI;This glass ornament shows the zodiac sign of Gemini. The glass shimmer has a wonderful bermuda blue and will always look great as a decoration item in your house. Also a nice gift option for someone special.;zodiac sign, bermuda blue, gemini;
70094;ZODIAC SIGN, BERMUDA BLUE, TAURUS;This glass ornament shows the zodiac sign of Taurus. The glass shimmer has a wonderful bermuda blue and will always look great as a decoration item in your house. Also a nice gift option for someone special.;zodiac sign, bermuda blue, taurus;
70100;Pendant, Dolphin, Glass Crystal, Frosted;This glass crystal dolphin pendant has a frosted, matte-polished surface. It is a delicate jewellery piece, unique and special, just like the person that will wear it.;pendant dolphin crystal frosted;
70115;Window Ornament, Double Mirror;A wonderful ornament for your window. The decoration item is made from glass and looks beautiful in any home.;window ornament, double mirrow;
70116;Drum Set, Crystal Elements, Gold Plated;This is an extraordinary gift for all music lovers! A drum set with tomtom, cymbal and a big drum are decorated with 22 small glass crystal elements and two large polished glass crystals. The surface is sophisticatedly gold plated. With this little decoration item you cannot play music, but you can still delight the heart of a lovable person!;Drum, crystal elements, gold-plated;
70118;Window Ornament, Frosted AB;A wonderful ornament for your window. The decoration item looks beautiful in any home.;window ornament, face frosted AB;
70122;Window Ornament, Frosted AB;A wonderful ornament for your window. The decoration item looks beautiful in any home.;window ornament, frosted AB;
70125;frog, crystals, gold;A wonderful small frog for decoration which is gold plated with 24 ct gold. The ornament has  glass crystals incorporated which let the adornment look beautiful and stunning!;frog, crystal elements, gold;article with crystal elements (glass), gold plated
70126;vase, crystals, gold;A wonderful small vase with flowers for decoration which is gold plated with 24 ct gold. The flowers are movable and the ornament has  glass crystals incorporated which let the adornment look beautiful and stunning!;vase, crystal elements, gold;article with crystal elements (glass), gold plated, with movable flowers
70136;Paperweight, Glass Crystal, Frosted/ Turquoise;This home decoration piece can perfectly be used as a paperweight for letters or documents. It is beautiful and has a matte-polished/ frosted surface.;Paperweight, crystal frosted-turquoise;
70138;Paperweight, Crystal, Frosted/ Red;This home decoration piece can perfectly be used as a paperweight for letters or documents. It is beautiful and has a matte-polished/ frosted surface.;Paperweight, crystal frosted-red;
70147;Sports Car, Crystal Elements, Gold Plated;Even though you cannot race on the highway with this fashionable cabriolet sports car, but it definitely gives inspiration to dream of doing it! This wonderful decoration piece is well finished and has fine details such as the rotating wheals, the detailed seats, the sparkeling glass crystals and the headlights and with big glass crystals, where normally the car would have built-in doors. The surface is gold plated. This decoration item is a great gift and a popular collection piece!;Sport car, crystal elements, gold-plated;
70164;Suncatcher, Unicorn, Crystal Elements, Gold Plated;This decoration item is a beautiful suncatcher shaped as a unicorn with crystal glass elements and a gold plated surface. The ornament comes with a suction cup for attaching it to a window or mirror. It can serve as a perfect gift and it can also be a wonderful accessory for a chic home!;Suncatcher unicorn, crystal elements;article with crystal elements (glass), gold plated, a  wonderful addition to any window or mirrow, suction cup included
70165;Cross, Crystal Elements, Gold Plated 24K;A wonderful cross for decoration which is gold plated with 24K gold. The ornament has  glass crystals incorporated which let the adornment look beautiful and stunning!;cross, crystal elements, gold;article with crystal elements (glass), gold plated
70169;Falcon/ Hawk, Crystal Elements, Gold Plated;A proud falcon with a detailed feathering and four large polished glass crystals on the wings. The eyes are equally made from two small polished glass crystals, which are subtly sparkeling in the light. The surface is sophisticatedly gold plated. This decoration is not only a wonderful piece for ornithologists but also a popular collection item for collectors!;Falcon, crystal elements, gold-plated;
70171;Eagle, Crystal Elements, Gold Plated;This decoration item is a beautiful eagle with crystal glass elements and a gold plated surface. The ornament can serve as a perfect gift and it can also be a wonderful accessory for a chic home!;eagle, crystal elements, gold;article with crystal elements (glass), gold plated
70203;Pendant, Ball, Crystal Clear Glass;This crystal glass pendant is a full lead crystal with a percentage of 30% PbO. A wonderful and eyecatching jewellery piece.;pendant, ball, clear crystal;Full Lead Crystal, 30% PbO
70211;Elephant, Crystal Elements, Gold Plated 24K;A wonderful elephant for decoration which is gold plated with 24K gold. The ornament has  glass crystals incorporated which let the adornment look beautiful and stunning!;elephant, crystal elements, gold;crystal elements (glass), gold plated
70212;Globe, Crystal Elements, Gold Plated;This decoration item is a beautiful globe with crystal glass elements and a gold plated surface. The ornament can serve as a perfect gift and it can also be a wonderful accessory for a chic home!;globe,crystal elements, gold plated;article with crystal elements (glass), gold plated, the globe is movable
70213;Bird House, Crystal Elements, Gold Plated;This decoration item is a beautiful bird house with crystal glass elements and a gold plated surface. The ornament can serve as a perfect gift and it can also be a wonderful accessory for a chic home!;bird house, crystal elements, gold;article with crystal elements (glass), gold plated, hanging decoration
70214;Peacock, Crystal Elements, 24K Gold Plated;A wonderful peacock for decoration which is gold plated with 24K gold. The ornament has  glass crystals incorporated which let the adornment look beautiful and stunning!;peacock, crystal elements, gold;article with crystal elements (glass), gold plated
70215;Horse, Crystal Elements, Gold Plated 24K;A wonderful horse for decoration which is gold plated with 24K gold. The ornament has  glass crystals incorporated which let the adornment look beautiful and stunning!;horse, crystal elements, gold;article with crystal elements (glass), gold plated
70218;golfbag, crystals, gold;A wonderful golf bag for decoration which is gold plated with 24 ct gold. The wheels are movable and the ornament has  glass crystals incorporated which let the adornment look beautiful and stunning!;golfbag, crystal elements, gold;article with crystal elements (glass), gold plated, the wheels are movable
70220;Suncatcher, Moon, Crystal Elements, Gold Plated;This decoration item is a beautiful suncatcher shaped as a moon with crystal glass elements and a gold plated surface. The ornament comes with a suction cup for attaching it to a window or mirror. It can serve as a perfect gift and it can also be a wonderful accessory for a chic home!;suncatcher, moon, crystal elements;article with crystal elements (glass), gold plated, a  wonderful addition to any window or mirrow, suction cup included
70221;Snail, Crystal Elements, 24K Gold Plated;This ornament is a beautiful decoration item with glass crystal elements. The gold plating of 24K is of best quality and will let the ornament shine in every home.;snail, crystal elements, 24k gold-plated;
70225;LITTLE DEVIL, FROSTED GLASS, MATTE;This pendant is beautifully shaped as a little devil. The surface is matte-polished and frosted and the glass jewellery piece looks chic and elegant on anyone.;hellboy, frosted peacock;
70229;Pendant, Chinese Dragon/ Fairytale Animal;This pendant is beautifully shaped as a chinese dragon or a fairytale animal. The surface is matte-polished and frosted and the glass jewellery piece looks chic and elegant on anyone's neck.;Pendant, fairytail-dragon;crystal frosted
70230;Indian/ Carousel Elephant, Silver Plated;This sophisticated white elephant has an enameled surface and a richly decorated blanket on its back. The topas coloured glass crystals remind of the splendid colours form the Middle East and Africa. The fine details such as feet, trunk and the back blacket are silver plated. The white elephant symbolizes cleverness and strength. The decorative elephant accessory is a great gift for wishing someone luck and success in life. It is also a popular collection piece!;Carousel Elephant, silver plated;topaz color enamel
70253;Table Lantern, Brass, Glass Crystals;A wonderful home decoration item with glass elements. This little lantern can be a great accessory on your living room table or in your vitrine. Perfect as a gift or a little surprise for someone special.;table lantern, brass;
70255;Pendant, Cross, Lead Crystal Glass, Transparent/ Blue;A wonderful glass pendant with a blue stone in its middle. The pendant looks extraordinary chic and unique.;pendant cross, lead crystal, clear;
70257;Diamond, Transparent Glass Crystal;'Diamonds are the girl's best friend' - This diamond is a beautiful gift to any girl! It will magically make any woman glance at it, since it looks elegant and beautiful. A great home decoration item as a gift or something special for yourself!;diamond, clear crystal;
70258;Suncatcher, Frog, Crystal Elements, Gold Plated;This decoration item is a beautiful suncatcher shaped as a frog with crystal glass elements and a gold plated surface. The ornament comes with a suction cup for attaching it to a window or mirror. It can serve as a perfect gift and it can also be a wonderful accessory for a chic home!;suncatcher, frog, crystal elements;article with crystal elements (glass), gold plated, a  wonderful addition to any window or mirrow, suction cup included
70263;Pendant, Triangle, Crystal AB;This pendant is a full lead glass crystal of 30% PbO. The triangle looks chic and extraordinary and should not be missing in your jewellery case.;pendant, flame, crystal AB;Full Lead Crystal, 30% PbO
70264;Pendant, Triangle, Crystal Glass;This pendant is a full lead glass crystal of 30% PbO. The triangle looks chic and extraordinary and should not be missing in your jewellery case.;pendant, flame, clear crystal;Full Lead Crystal, 30% PbO
70266;Pendant, Cone, Transparent Glass Crystal;This pendant is a full lead glass crystal of 30% PbO. The cone shaped pendant looks chic and extraordinary and should not be missing in your jewellery case.;pendant, cone, clear crystal;Full Lead Crystal, 30% PbO
70273;Suncatcher, Lizard, Crystal Elements, Gold Plated;This decoration item is a beautiful suncatcher shaped as a lizard with crystal glass elements and a gold plated surface. The ornament comes with a suction cup for attaching it to a window or mirror. It can serve as a perfect gift and it can also be a wonderful accessory for a chic home!;suncatcher, lizard, crystal elements;article with crystal elements (glass), gold plated, a  wonderful addition to any window or mirrow, suction cup included
70275;Pendant, Wing, Transparent Glass Crystal;This pendant is a full lead glass crystal of 30% PbO. The wing shaped pendant looks chic and extraordinary and should not be missing in your jewellery case.;pendant wing, clear crystal;Full Lead Crystal, 30% PbO
70278;Pendant, Witch, Transparent Glass Crystal;This pendant is cute and yet elegant. It is made of transparent glass in a wonderful and well-finished way. The pendant has a great and fashionable look!;pendant witch, clear crystal;
70285;Window Ornament, Light Green/ Transparent Seashell;This ornament is stunning and chic for your window at home. It has a 28mm glass crystal that is shaped as a seashell and has transparent colour. The other three crystals have a light green colour and the entire length of the ornament is 88mm.;window ornament seashell;length 88mm, seashell 28mm
70287;Window Ornament, Ghost, Frosted AB;A wonderful ornament for your window. It will be a real eyecatcher in your home and a great accessory for all times. It has a frosted/ matte-polished surface.;window ornament ghost, frosted AB;
70288;Window Ornament, Ghost, Glass Crystal, Frosted;A wonderful ornament for your window. It will be a real eyecatcher in your home and a great accessory for all times. It has a frosted/ matte-polished surface.;window ornament ghost, crystal frosted;
70289;Pendant, Ghost, Opal White;A wonderful ghost pendant made of white opal. The pendant looks chic and stunning.;pendant ghost, opal white;
70290;Pendant, Pumkin, Topaz;A wonderful pumkin pendant made of orange topaz. The pendant looks chic and stunning.;pendant pumkin, topaz;
70300;Angel with Spear, Decoration with crystal elements, Gold-Plated;This is an extraordinary gift for extraordinary people. A lovely decorative angel with a spear that has three large incorporated glass crystal elements, that are beautifully polished and finished. The figure is gold-plated.;angel with spear, crystal elements;article with crystal elements (glass), gold plated
70301;Music Note, Glass Crystals, Gold Plated;This decoration item is a perfect gift for music lovers. This musical note is gold-plated and has chic glass crystal elements. It can be used as a hanging item, such as for the christmas tree.;music note, crystal elements, gold;article with crystal elements (glass), gold plated, hanging decoration
70302;;;Elf, crystal elements, gold;article with crystal elements (glass), gold plated
70303;Santa Boot, Crystal Elements, Gold Plated;This decoration item is shaped as a beautiful boot of santa with glass crystal elements and a gold plated surface. It can be hung to a christmas tree and will look more beautiful then any of the other ornaments.;Santa boot, crystal elements, gold;article with crystal elements (glass), gold plated, hanging decoration
70304;Music box, Peacock, Glass crystal elements;This is an extraordinary gift for an extraordinary person. A lovely decorative music box that has 9 large incorporated glass crystal elements, that are beautifully polished and finished. The surface of the figure is gold-plated. The bottom of the music box has a diameter of 80mm wide and 43mm high. It is coated with a small mirror-mosaic pattern and it plays the song 'Memory' from the popular musical -Cats-. The peacock on top of the music box is 85mm high and 13mm wide and it can be wound up to play the song.;music box, peacock, crystal elements;article with crystal elements (glass), gold plated, with music from the musical CATS
70307;Highheels, Crystal Elements, 24K Gold Plated;A wonderful high-heel shoe for decoration which is gold plated with 24K gold. The ornament has  glass crystals incorporated which let the adornment look beautiful and stunning!;highheels, crystal elements, gold;crystal elements (glass), gold plated
70309;Music Note, Glass Crystals, Gold Plated;This decoration item is a perfect gift for music lovers. This musical note is gold-plated and has chic glass crystal elements.;music note, crystal elements, gold;article with crystal elements (glass), gold plated
70310;harp, crystals, gold;A wonderful harp for decoration which is gold plated with 24 ct gold. The ornament has  glass crystals incorporated which let the adornment look beautiful and stunning!;harp, crystal elements, gold;article with crystal elements (glass), gold plated
70311;Diamond, Lead Crystal;'Diamonds are the girl's best friend' - This diamond is a beautiful gift to any girl! It will magically make any woman glance at it, since it looks elegant and beautiful. A great home decoration item as a gift or something special for yourself!;diamond, lead crystal;
70312;Pendant, Cylinder, Lead Crystal;This diamond pendant is a full lead crystal of 30% PbO. It is a beautiful gift to a special lady since: 'Diamonds are a girl's best friend'.;pendant, cylinder, lear crystal;Full Lead Crystal, 30% PbO
70313;Star on Base, Clear Crystal;A wonderful glass star on a base. Perfect for your apartment or house as an elegant decoration ornament for Christmas or all your through.;star with base, clear crystal;
70323;Diamond, Glass Crystal;'Diamonds are the girl's best friend' - This diamond is a beautiful gift to any girl! It will magically make any woman glance at it, since it looks elegant and beautiful. A great home decoration item as a gift or something special for yourself!;diamond, clear crystal;
70327;Music box, Fairy, Glass Crystal Elements;This is an extraordinary gift for an extraordinary person. A lovely decorative music box that has 2 large incorporated glass crystal elements, that are beautifully polished and finished. The surface of the figure is gold-plated. The bottom of the music box has a diameter of 80mm wide and 43mm high. It is coated with a small mirror-mosaic pattern and it plays the song 'Memory' from the popular musical -Cats-. The elf on top of the music box is 105mm high and 58mm wide and it can be wound up to play the song.;musik box, fairy, crystal elements;article with crystal elements (glass), gold plated, with music from the musical CATS
70335;Mirror, 'Yin-Yang', Foiled Crystal;A wonderful mirror ornament with a 'yin-yang' sign. This decoration item will bring balance into your home or it can serve as a perfect gift to someone special.;mirror 'Yin-Yang', crystal foiled;
70336;suncatcher, butterfly, crystal;A wonderful butterfly for decoration which is gold plated with 24 ct gold. It can be attached to a window or mirror, a suction cup is included. The ornament has  glass crystals incorporated which let the adornment look beautiful and stunning!;suncatcher, butterfly, crystal elements;article with crystal elements (glass), gold plated, a  wonderful addition to any window or mirrow, suction cup included
70339;Hyperion Glass Ball, Green;A wonderful home decoration item. The glass ornament looks beautiful and will make your home look elegant and chic. It also serves as a wonderful present to a great person.;hyperion glass ball, green;
70340;Hyperion Glass Ball, Amethyst/ Purple;A wonderful home decoration item. The glass ornament looks beautiful and will make your home look elegant and chic. It also serves as a wonderful present to a great person.;hyperion glass ball, amethyst;
70351;Hyperion Glass Ball, Rose/ Pink;A wonderful home decoration item. The glass ornament looks beautiful and will make your home look elegant and chic. It also serves as a wonderful present to a great person.;hyperion glass ball, rose;
70360;Monkey, Crystal Elements, 24K Gold Plated;This ornament is a beautiful decoration item with glass crystal elements. The gold plating of 24K is of best quality and will let the ornament shine in every home.;monkey,crystal elements, 24k gold-plated;
70362;Memo Holder, Heart, Orange/ Green;A wonderful home decoration item. The glass ornament looks beautiful and can hold a little note or a small photograph. It also serves as a wonderful present to a great person.;memo holder heart, orange-multicoloured;
70363;Memo Holder, Fish, Multi-Coloured;A wonderful home decoration item. The glass ornament looks beautiful and can hold a little note or a small photograph. It also serves as a wonderful present to a great person.;memo holder fish, yellow-multicoloured;
70364;Memo Holder, Butterfly, Turquoise;A wonderful home decoration item. The glass ornament looks beautiful and can hold a little note or a small photograph. It also serves as a wonderful present to a great person.;memo holder butterfly, turqouise;
70365;motorcycle, crystals, gold;A wonderful motorcycle for decoration which is gold plated with 24 ct gold. The ornament has  glass crystals incorporated which let the adornment look beautiful and stunning!;motorcycle, crystal elements, gold;article with crystal elements (glass), gold plated, with movable pieces
70366;Rocking Horse, Crystal Elements, Gold Plated;This rocking horse decoration article looks stunning in any living room. The glass crystal elements are elegant and chic and the rocking horse will make every child smile. The decoration element is sophisticatedly gold plated.;rocking horse, crystal elements, gold;article with crystal elements (glass), gold plated
70367;Beetle Car, Crystal Elements, Gold Plated;This home decoration item is a very cute beetle car, which is popular all around the world. Especially the five large and polished glass crystals are an eyecatcher and the sophisticated gold plated surface looks elegant. The beetle has many cute details such as movable wheals. It's a wonderful gift and a must-have collectible.;beetle car, crystal elements, gold;article with crystal elements (glass), gold plated, the wheels are movable
70368;truck, crystals, gold;A wonderful truck for decoration which is gold plated with 24 ct gold. The wheels are movable and the ornament has  glass crystals incorporated which let the adornment look beautiful and stunning!;truck, crystal elements, gold;article with crystal elements (glass), gold plated, with movable wheels
70375;The Enchanted Kindom, Jenna & Leah;A beautiful home decoration item of two fairies that is made of tin. The ornament serves great as a wonderful present to a young person.;The Enchanted Kingdom, Jenna - Leah;fairis made of tin
70376;The Enchanted Kindom, Corinn;A beautiful home decoration item of an adorable fairy that is made of tin. The ornament serves great as a wonderful present to a young person.;the Enchanted Kingdom, Corinn,;fairis made of tin
70379;The Enchanted Kingdom, Posy;A beautiful home decoration item of an adorable fairy that is made of tin. The ornament serves great as a wonderful present to a young person.;The Enchanted Kingdom, Posy;
70383;;;butterfly, enamel branch stand, crystal;article with crystal elements (glass), gold plated
70405;CAT, CLEAR, CRYSTAL;A well finished and detailed Cat that is made of crystal glass. The decoration item will look stunning in any apartment or house.;cat, clear crystal;
70445;Photo Frame, Colourful, Cats;This colourful photo frame is sized for pictures of 9x13mm. The border is decorated with lots of different cats in various shapes and colours. The photo frame is a cute home decoration for your desk or a shelf.;photo frame, cats;for photos 9x13mm
70446;Photo Frame, Ginkgo Leafs;A wonderful photo fram with a ginkgo leaf decoration. It is perfect for photos of 10x15mm.;photo frame, ginkgo leafs;for photos 10x15mm
70448;Dinosaur, Clear Crystal;A well finished and detailed dinosaur that is made of glass. The decoration item will look stunning in any apartment or house.;dinosaur, clear crystal;
70450;Wizard, Crystal Elements, Gold Plated;This decoration item is made for all magicians. The gold plated wizard is adorned with some beautiful crystal glass elements. A wonderful ornament for a magical home!;wizard, crystal elements, gold;article with crystal elements (glass), gold plated
70453;;;pendant dolphin, crystal frosted;
70463;Pendant, Sun Face, Frosted AB;A cute pendant that features the face of the sun. Chic and unique, it will make everyone smile who looks at it.;pendant sunface, frosted AB;
70464;Pendant, Sun, Frosted AB;A cute pendant that features the face of the sun. Chic and unique, it will make everyone smile who looks at it.;pendant sun, frosted AB;
70467;CANDLE HOLDER, CHERUB, SILVER-PLATED;A wonderful small Cherub for decoration which doubles as a candle holder and is silver plated with anti-oxidation protection. The ornament has  glass crystals incorporated which let the adornment look beautiful and stunning!;candle holder, cherub, silver-plated;article with crystal elements (glass), silver plated with protection against oxidation
70470;fairy, with Components,;A wonderful small fairy for decoration which is silver plated with anti-oxidation protection. The ornament has  glass crystals incorporated which let the adornment look beautiful and stunning!;fairy, with crystal elements,;article with crystal elements (glass), silver plated with protection against oxidation
70471;Hanging Decoration, Angel, Gold Plated;The gold plated angel is adorned with some beautiful crystal glass elements. A wonderful ornament for a cosy home. It can even be hung on a christmas tree or elsewhere in the house.;Hanging decoration, angel, gold plated;article with crystal elements (glass), gold plated
70472;BELL, CRYSTAL ELEMENTS, GOLD-PLATED;A wonderful little Bell for decoration which is gold plated with 24 ct gold. The ornament has  glass crystals incorporated which let the adornment look beautiful and stunning!;bell, crystal elements, gold;article with crystal elements (glass), gold plated, hanging decoration
70475;Santa Maria, with Components,;A wonderful Santa Maria ship for decoration which is gold plated with 24 ct gold. The ornament has  glass crystals incorporated which let the adornment look beautiful and stunning!;Santa Maria, with crystal elements;
70476;Mini-Car, crystals, gold;A wonderful Mini car for decoration which is gold plated with 24 ct gold. The wheels are movable and the ornament has  glass crystals incorporated which let the adornment look beautiful and stunning!;Mini-Car, crystal elements, gold;article with crystal elements (glass), gold plated, the wheels are movable
70485;Glass Base, For Glass Balls, 30-100mm;This glass base is perfect for holding one of our glass ball decoration ornaments. It holds balls with a diameter between 30mm and 100mm.;glass base, suitable for balls 30-100mm;
70490;scale, crystals, gold;A wonderful old-fashion scale for decoration which is gold plated with 24 ct gold. The ornament has  glass crystals on the movable scale plates which let the adornment look beautiful and stunning!;scale, crystal elements, gold;article with crystal elements (glass), gold plated, movable
70491;Peacock, Crystal Elements, Gold Plated;This decoration item represents a detailed peacock with glass crystal elements and a gold plated surface. The ornament can serve as a perfect gift and it can also be a wonderful accessory for a chic home! Build your own little zoo of all our animal crystal ornaments.;peackock, crystal elements, gold;article with crystal elements (glass), gold plated
70492;swan, crystals, gold;A wonderful swan for decoration which is gold plated with 24 ct gold. The ornament has  glass crystals incorporated in the swan wings which let the adornment look beautiful and stunning!;swan, crystal elements, gold;article with crystal elements (glass), gold plated
70493;DEER, CRYSTAL ELEMENTS, GOLD-PLATED;A wonderful Deer for decoration which is gold plated with 24 ct gold. The ornament has glass crystals incorporated in the deer's belly which let the adornment look beautiful and stunning!;deer, crystal elements, gold;article with crystal elements (glass), gold plated
70495;;;snail, crystal elements, 24k gold-plated;
70497;;;watering can, crystal elements, gold;article with crystal elements (glass), with movable handle
70500;;;flower cart, clear crystal;
70501;Cross, Crystal Elements, Gold Plated;This decoration item represents a detailed cross with glass crystal elements and a gold plated surface. The ornament can serve as a perfect gift and it can also be a wonderful accessory for a chic home!;cross, crystal elements, gold;article with crystal elements (glass), gold plated, hanging decoration
70506;SUNCATCHER SPIDER, CRYSTAL ELEMENTS, GOLD-PLATED;;suncatcher spider, crystal elements;article with crystal elements (glass), silver plated with protection against oxidation, a  wonderful addition to any window or mirrow, suction cup included
70507;Violin, Crystal Elements, Silver Plated;This ornament is a beautiful decoration item with glass crystal elements. The silver plating is of best quality and will let the ornament shine in every home. The item is rhodium plated and therefore protected from tarnishing.;violin, crystal elements, silver;article with crystal elements (glass), silver plated with protection against oxidation
70508;;;Suncatcher butterfly, crystal elements;crystal elements (glass), silver plated for tarnish protection, a  wonderful addition to any window or mirrow, suction cup included
70509;Suncatcher, Dragonfly, Crystal Elements, Silver Plated;This decoration item is a beautiful suncatcher shaped as a dragonfly with crystal glass elements and a silver plated surface. The ornament comes with a suction cup for attaching it to a window or mirror. It can serve as a perfect gift and it can also be a wonderful accessory for a chic home! The surface is rhodium plated for protecting the ornament from tarnishing.;Suncatcher dragon-fly crystal elements;article with crystal elements (glass), silver plated with protection against oxidation, a  wonderful addition to any window or mirrow, suction cup included
70511;Suncatcher, Hummingbird, Crystal Elements;This ornament is a beautiful decoration item with glass crystal elements. The silver plating is of best quality and will let the ornament shine in every home. The item is rhodium plated and therefore protected from tarnishing.;suncatcher humming bird, crystal;article with crystal elements (glass), silver plated with protection against oxidation, a  wonderful addition to any window or mirrow, suction cup included
70512;;;suncatcher spider, crystal elements;article with crystal elements (glass), silver plated with protection against oxidation, a  wonderful addition to any window or mirrow, suction cup included
70513;Suncatcher, Bumblebee, Crystals, Silver Plated;This decoration item is a beautiful suncatcher shaped as a bumblebee with crystal glass elements and a silver plated surface. The ornament comes with a suction cup for attaching it to a window or mirror. It can serve as a perfect gift and it can also be a wonderful accessory for a chic home! The surface is rhodium plated for protecting the ornament from tarnishing.;suncatcher bumblebee, crystal elements;article with crystal elements (glass), silver plated with protection against oxidation, a  wonderful addition to any window or mirrow, suction cup included
70514;Suncatcher, Chafer, Crystals, Silver Plated;This decoration item is a beautiful suncatcher shaped as a chafer with crystal glass elements and a silver plated surface. The ornament comes with a suction cup for attaching it to a window or mirror. It can serve as a perfect gift and it can also be a wonderful accessory for a chic home! The surface is rhodium plated for protecting the ornament from tarnishing.;suncatcher, chafer, crystal elements;article with crystal elements (glass), silver plated with protection against oxidation, a  wonderful addition to any window or mirrow, suction cup included
70515;;;snowflake, crystal elements, silver;article with crystal elements (glass), silver plated with protection against oxidation
70517;;;helicopter, crystal elements, silver;article with crystal elements (glass), silver plated with protection against oxidation
70518;carriage, crystals, silver;A wonderful old-fashioned carriage for decoration which is silver plated with an anti-oxidation protection. The ornament has  glass crystals incorporated which let the adornment look beautiful and stunning!;carriage, crystal elements, silver;article with crystal elements (glass), silver plated with protection against oxidation
70520;fairy, crystals blue, silver;A wonderful small fairy for decoration which is silver plated with an anti-tarnishing protection. The ornament has blue  glass crystals incorporated which let the adornment look beautiful and stunning!;fairy, crystal elements blue, silver;blue crystal elements (glass), silver plated for tarnish protection
70521;;;sunflower, crystal elements, silver;article with crystal elements (glass), silver plated with protection against oxidation
70522;fairy, crystals red, silver;A wonderful small fairy for decoration which is silver plated with an anti-tarnishing protection. The ornament has red  glass crystals incorporated which let the adornment look beautiful and stunning!;fairy, crystal elements red, silver;article with crystal elements (glass), silver plated with protection against oxidation
70523;FAIRY, CRYSTAL ELEMENTS ROSALIN;A wonderful small fairy for decoration which is silver plated with an anti-tarnishing protection. The ornament has pink glass crystals incorporated which let the adornment look beautiful and stunning!;fairy, crystal elements rosalin;pink crystal elements (glass), silver plated for tarnish protection
70524;SAILING SHIP, CRYSTAL ELEMENTS, BLUE;A wonderful Sail ship for decoration which is silver plated with an anti-tarnishing protection. The ornament has blue glass crystals incorporated which let the adornment look beautiful and stunning!;sailing ship, crystal elements blue;article with crystal elements (glass), silver plated with protection against oxidation
70525;Flower, Crystal Elements, Silver Plated;This decoration item is a beautiful flower with a ruby coloured glass crystal element and a silver plated surface. It can serve as a perfect gift and it can also be a wonderful accessory for a chic home! The surface is rhodium plated for protecting the ornament from tarnishing.;flower, crystal elements red;article with crystal elements (glass), silver plated with protection against oxidation
70526;EAGLE, CRYSTAL ELEMENTS, SILVER-PLATED;A wonderful Eagle for decoration which is silver plated with an anti-tarnishing protection. The ornament has glass crystals incorporated which let the adornment look beautiful and stunning!;eagle, crystal elements, silver;article with crystal elements (glass), silver plated with protection against oxidation
70527;Angel, Crystal Elements;This ornament is a beautiful decoration item with glass crystal elements. The silver plating is of best quality and will let the ornament shine in every home. The item is rhodium plated and therefore protected from tarnishing.;angel, crystal elements;article with crystal elements (glass), silver plated with protection against oxidation, hanging decoration
70528;;;tulip, crystal elements blue, silver;article with crystal elements (glass), silver plated with protection against oxidation
70529;Elephant, Crystal Elements, Silver Plated;This decoration item is a beautiful elephant with glass crystal elements and a silver plated surface. It can serve as a perfect gift and it can also be a wonderful accessory for a chic home! The surface is rhodium plated for protecting the ornament from tarnishing.;elephant, crystal elements, silver;crystal elements (glass), silver plated for tarnish protection
70530;motorcycle, crystals, silver;A wonderful small motorcycle for decoration which is silver plated with an anti-tarnishing protection. The ornament has  glass crystals incorporated which let the adornment look beautiful and stunning!;motorcycle, crystal elements, silver;article with crystal elements (glass), silver plated with protection against oxidation
70531;DEER, CRYSTAL ELEMENTS, SILVER, NEW;A wonderful Deer for decoration which is silver plated with an anti-tarnishing protection. The ornament has glass crystals incorporated which let the adornment look beautiful and stunning!;deer, crystal elements, silver;article with crystal elements (glass), silver plated with protection against oxidation
70532;small elephant, crystals;A wonderful small elephant for decoration which is silver plated with an anti-tarnishing protection. The ornament has  glass crystals incorporated which let the adornment look beautiful and stunning!;small elephant, crystal elements;crystal elements (glass), silver plated for tarnish protection
70534;Highheel, Crystal Elements, Silver Plated;This decoration item is a beautiful highheel with glass crystal elements, a ruby coloured glass stone and a silver plated surface. It can serve as a perfect gift and it can also be a wonderful accessory for a chic home! The surface is rhodium plated for protecting the ornament from tarnishing.;highheels, crystal elements, silver;article with crystal elements (glass), silver plated with protection against oxidation
70535;WEDDING BELL, CRYSTAL ELEMENTS, SILVER, NEW;A wonderful Wedding Bell for decoration which is silver plated with an anti-tarnishing protection. The ornament has glass crystals incorporated which let the adornment look beautiful and stunning!;wedding bell, crystal elements, silver;article with crystal elements (glass), silver plated with protection against oxidation
70536;Suncatcher, SUN, Chrystal elements, Silver-Plated;A wonderful stylized Sun for decoration which is silver plated with an anti-tarnishing protection. The ornament has glass crystals incorporated which let the adornment look beautiful and stunning!;suncatcher sun, crystal elements;article with crystal elements (glass), silver plated with protection against oxidation, a  wonderful addition to any window or mirrow, suction cup included
70537;Beach Buggy, Crystal Elements, Silver Plated;This decoration item is a beautiful beach buggy with orange glass crystal elements and a silver plated surface. It can serve as a perfect gift and it can also be a wonderful accessory for a chic home! The surface is rhodium plated for protecting the ornament from tarnishing.;beach buggy, crystal elements, silver;article with crystal elements (glass), silver plated with protection against oxidation
70538;angel, crystals, silver;A wonderful small angel for decoration which is silver plated with an anti-tarnishing protection. The ornament has red  glass crystals incorporated which let the adornment look beautiful and stunning!;angel, crystal elements, silver;article with crystal elements (glass), silver plated with protection against oxidation
70539;Octopus, Orange, Crystal Elements, Silver Plated;This decoration item is a beautiful orange octupus with glass crystal elements and a silver plated surface. It can serve as a perfect gift and it can also be a wonderful accessory for a chic home!;octopus, orange, crystal elements;with crystal Element
70540;BUTTERFLIES, CRYSTAL ELEMENTS, SILVER;Some wonderful Butterflies for decoration which are silver plated with an anti-tarnishing protection. The ornament has red and pink glass crystals incorporated which let the adornment look beautiful and stunning!;butterflies, crystal elements, silver;article with crystal elements (glass), silver plated with protection against oxidation, hanging decoration, butterflys 85x70mm, 100x60mm 55x45mm
70541;suncatcher butterfly, crystals;A wonderful small butterfly for decoration which is gold plated with 24 ct gold. The ornament has red and purple coloured  glass crystals incorporated which let the adornment look beautiful and stunning! It can be attached to windows or mirrors since it has a suction cup included.;suncatcher butterfly, crystal elements;article with crystal elements (glass), gold plated, a  wonderful addition to any window or mirrow, suction cup included
70542;Suncatcher, Butterfly, Crystal Elements;This decoration item is a beautiful suncatcher shaped as a butterfly with crystal glass elements and a gold plated surface. The ornament comes with a suction cup for attaching it to a window or mirror. It can serve as a perfect gift and it can also be a wonderful accessory for a chic home!;suncatcher butterfly, crystal elements;article with crystal elements (glass), gold plated, a  wonderful addition to any window or mirrow, suction cup included
70543;turtle, crystals, gold plated;A wonderful small turtle for decoration which is gold plated 24 ct gold. The ornament has yellow/brown  glass crystals incorporated which let the adornment look beautiful and stunning!;turtle, crystal elements, gold plated;topaz coloured crystal elements (glass), gold plated
70544;parrot, crystals, gold;A wonderful small parrot for decoration which is gold plated with 24 ct gold. The ornament has colourful  glass crystals incorporated which let the adornment look beautiful and stunning!;papagei, crystal elements, gold;article with crystal elements (glass), gold plated
70545;Eagle, Crystal Elements, Gold Plated;This decoration item is a beautiful eagle with crystal glass elements and a gold plated surface. The ornament can serve as a perfect gift and it can also be a wonderful accessory for a chic home!;eagle, crystal elements, gold;article with crystal elements (glass), gold plated
70547;turtle, crystals, gold;A wonderful small turtle for decoration which is gold plated with 24 ct gold. The ornament has  glass crystals incorporated which let the adornment look beautiful and stunning!;turtle, crystal elements, gold;article with crystal elements (glass), gold plated
70548;Mouse/ Rat, Crystal Elements, Gold Plated;This decoration item is an adorable mouse/rat with crystal glass elements and a gold plated surface. The ornament can serve as a perfect gift and it can also be a wonderful accessory for a chic home!;rat, crystal elements, gold;article with crystal elements (glass), gold plated
70549;Tropical Fish, Crystal Elements, Gold Plated;This decoration item represents a tropical fish with crystal glass elements and a gold plated surface. The ornament can serve as a perfect gift and it can also be a wonderful accessory for a chic home!;tropical fish, crystal elements, gold;article with crystal elements (glass), gold plated
70551;Crab, Crystal Elements, Gold Plated;This decoration item represents a crab with crystal glass elements and a gold plated surface. The ornament can serve as a perfect gift and it can also be a wonderful accessory for a chic home!;crab, crystal elements, gold plated;article with crystal elements (glass), gold plated
70552;Scorpio, Crystal Elements, 24K Gold Plated;A wonderful small scorpion for decoration which is gold plated with 24K gold. The ornament has  glass crystals incorporated which let the adornment look beautiful and stunning!;scorpio, crystal elements, gold plated;article with crystal elements (glass), gold plated
70553;lion, crystals, gold plated;A wonderful small lion for decoration which is gold plated with 24 ct gold. The ornament has  glass crystals incorporated which let the adornment look beautiful and stunning!;lion, crystal elements, gold plated;article with crystal elements (glass), gold plated
70554;Goat, Crystal Elements, Gold Plated;This decoration item represents a billy goat with crystal glass elements and a gold plated surface. The ornament can serve as a perfect gift and it can also be a wonderful accessory for a chic home!;aries, crystal elements, gold plated;article with crystal elements (glass), gold plated
70555;saggitarius, crystals, gold;A wonderful small saggitarius for decoration which is gold plated with 24 ct gold. The ornament has  glass crystals incorporated which let the adornment look beautiful and stunning!;saggitarius, crystal elements, gold;article with crystal elements (glass), gold plated
70556;penguin, crystals, gold;A wonderful small penguin for decoration which is gold plated with 24 ct gold. The ornament has  glass crystals incorporated which let the adornment look beautiful and stunning!;penguin, crystal elements, gold;article with crystal elements (glass), gold plated
70557;Elephant, Crystal Elements, 24K Gold Plated;A wonderful small elephant for decoration which is gold plated with 24K gold. The ornament has  glass crystals incorporated which let the adornment look beautiful and stunning!;elephant, crystal elements, gold;article with crystal elements (glass), gold plated
70558;Rooster, Crystal Elements, Gold Plated;This decoration item represents a rooster with crystal glass elements and a gold plated surface. The ornament can serve as a perfect gift and it can also be a wonderful accessory for a chic home!;rooster, crystal elements, gold plated;article with crystal elements (glass), gold plated
70559;Music Box, Ballet Dancer, Crystals Elements;This highly desirable colletible is made for a very special person! The music box has a diameter of 80mm and the rotary base is approximately 43mm high. It is coated with a beautiful mirror mosaic and it plays the musical piece -Memory- from the musical -CATS-. On the music box stans a beautiful ballet dancer figure. Her skirt is adorned with three large polished glass crystals and the surface is sophisticatedly gold plated.;music box ballet dancer, Swarovski;SWAROWSKI Crystals (glass), gold plated, plays music: MEMORY from the musical CATS
70564;Hanging Decoration, Deer, Glass Crystals;This home decoration item is shaped as a beautiful deer and has some eyecatching glass crystal elements that make the reindeer look stunning! It can be hung onto a christmas tree or elsewhere and serves also great as a gift to a special person.;Hanging decoration, deer, with crystal;article with crystal elements (glass), gold plated
70565;Bear, Crystal Elements, Gold Plated;This decoration item represents an adorable bear with crystal glass elements and a gold plated surface. The bear sits on a small silver coloured case, which is rhodium plated for protecting it from tarnishing. The ornament can serve as a perfect gift and it can also be a wonderful accessory for a chic home!;bear, crystal elements, gold plated;article with crystal elements (glass), silver plated and gold plated, with protection against oxidation
70570;Humming Bird, Suncatcher, Crystal Elements;A wonderful Humminbird for decoration which is gold plated with an anti-tarnishing protection. The ornament has glass crystals incorporated which let the adornment look beautiful and stunning!;suncatcher humming bird, Swarocski cryst;article with crystal elements (glass), gold plated, a  wonderful addition to any window or mirrow, suction cup with magnet pin included
70572;Suncatcher Bumblebee, Crystal Elements;Careful, do not open your window or else this adorable bumblebee might escape from your decoration collection! The suncatcher is great for putting it on your window pane or on a mirrow, where the three large polished glass crystals can sparkle in the sun. The suncatcher can be attached by a small suction pad and a magnetical pin, which comes with the decoration piece. A wonderful gift and a great collectible!;suncatcher bumblebee, crystal elements;article with crystal elements (glass), gold plated, a  wonderful addition to any window or mirrow, suction cup with magnet pin included
70573;;;suncatcher chafer, crystal elements;article with crystal elements (glass), gold plated, a  wonderful addition to any window or mirrow, suction cup with magnet pin included
70574;Suncatcher, Sun, Crystal Elements, Gold Plated;This decoration articla has a wonderful crystal glass elements in the sun´s middle. It can be a wonderful decoration for a window or a mirrow. The decoration object includes on suction cup with a magnet pin. The entire piece is sophisticatedly gold plated.;suncatcher sun, crystal elements;article with crystal elements (glass), gold plated, a  wonderful addition to any window or mirrow, suction cup with magnet pin included
70575;Giraffe, Crystal Elements, Gold Plated;This decoration item represents a detailed giraffe with crystal glass elements and a gold plated surface. The ornament can serve as a perfect gift and it can also be a wonderful accessory for a chic home! Build your own zoo of our elegant animal ornaments.;giraffe, crystal elements, gold;article with crystal elements (glass), gold plated
70576;babyshoes, crystals pink;A wonderful small pair of baby shoes for decoration which is gold plated with 24 ct gold. The ornament has pink  glass crystals incorporated and a pink bow to hold them together which let the adornment look beautiful and stunning!;babyshoes, crystal elements pink;article with crystal elements (glass), gold plated
70577;babyshoes, crystals blue;A wonderful small pair of baby shoes for decoration which is gold plated with 24 ct gold. The ornament has blue  glass crystals incorporated and a blue bow to hold them together which let the adornment look beautiful and stunning!;babyshoes, crystal elements blue;article with crystal elements (glass), gold plated
70578;;;Liegender Engel - mit Glas-Steinen;
70579;aeroplane, crystals, gold;A wonderful small aeroplane for decoration which is gold plated with 24 ct gold. The ornament has  glass crystals incorporated which let the adornment look beautiful and stunning!;aeroplane, crystal elements, gold;crystal elements (glass), gold plated, rotating propeller
70580;Swing with 2 Aeroplanes, Crystals, Gold Plated;This decoration item represents a unique swing with two flying aeroplanes that have crystal glass elements and a gold plated surface. The ornament can serve as a perfect gift and it can also be a wonderful accessory for a chic home!;swing with 2 small aeroplanes, gold;article with crystal elements (glass), gold plated
70581;Star, Crystal Elements, Gold Plated;This decoration item represents a wonderful star with a ruby glass crystal element and a gold plated surface. The ornament can serve as a perfect gift and it can also be a wonderful accessory for a chic home!;star, crystal elements, gold;article with crystal elements (glass), gold plated, hanging decoration
70582;Star, Crystal Elements, Silver Plated;This decoration item represents a wonderful star with a ruby glass crystal element and a silver plated surface. The star is rhodium plated to protect the decoration item from tarnishing over the years. The ornament can serve as a perfect gift and it can also be a wonderful accessory for a chic home!;star, crystal elements, silver;article with crystal elements (glass), silver plated with protection against oxidation, hanging decoration
70583;ANGEL, CRYSTAL ELEMENTS, GOLD;A wonderful Angel for decoration which is gold plated with 24 ct gold. The ornament has pink glass crystals incorporated which let the adornment look beautiful and stunning!;angel, crystal elements, gold plated;article with crystal elements (glass), gold plated
70586;Pisces, Crystal Elements, 24K Gold Plated;A wonderful small pair of pisces as a zodiac sign for decoration which is gold plated with 24K gold. The ornament has  glass crystals incorporated which let the adornment look beautiful and stunning!;pisces, crystal elements, gold;article with crystal elements (glass), gold plated
70587;Owl on Enameled Branch, Glass Crystals, Gold Plated;A wonderful small owl, sitting on an enameled branch stand for decoration. It is gold plated with 24K gold. The ornament has  glass crystals incorporated, which let the adornment look beautiful and stunning!;owl on enamel branch stand, crystal;article with crystal elements (glass), gold plated
70590;cat, crystals, gold;A wonderful small cat for decoration which is gold plated with 24 ct gold. The ornament has  glass crystals incorporated which let the adornment look beautiful and stunning!;cat, crystal elements, gold;article with crystal elements (glass), gold plated
70591;Saxophone, Crystal Elements, Gold Plated;This is an extraordinary gift for all music lovers! A very detailed saxophone is decorated with several small glass crystal elements and two large polished glass crystals. Last but not least, the saxophone is standing in a stand of proper style. The surface is sophisticatedly gold plated. With this little decoration item you cannot play music, but you can still delight the heart of a lovable person!;saxophon, crystal elements, gold;article with crystal elements (glass), gold plated
70593;HEART & BUTTERFLY, CRYSTAL ELEMENTS, SILVER;A wonderful small cat for decoration which is silver plated for tarnishing protection. The ornament has pink glass crystals incorporated which let the adornment look beautiful and stunning!;heart and butterfly, crystal elements;article with crystal elements (glass), silver plated with protection against oxidation
70595;Lantern, Crystal Elements, Gold Plated;This decoration item represents a detailed lantern with crystal glass elements and a gold plated surface. The ornament can serve as a perfect gift and it can also be a wonderful accessory for a chic home!;Lantern,crystal elements, gold plated;article with crystal elements (glass), gold plated
70596;Wishing Well, Crystal Elements, Gold Plated;This decoration item represents a detailed wishing well house with crystal glass elements and a gold plated surface. The ornament can serve as a perfect gift and it can also be a wonderful accessory for a chic home!;Wishing well, crystal elements,;article with crystal elements (glass), gold plated
70597;Candy, Crystal Elements, Gold Plated;This decoration item represents a detailed, wrapped candy with a purple glass crystal element and a gold plated surface. The ornament can serve as a perfect gift and it can also be a wonderful accessory for a chic home!;Candy, crystal elements,;article with crystal elements (glass), gold plated
70598;Purse, Crystal Elements, Gold Plated;This decoration item represents a detailed purse with glass crystal elements and a gold plated surface. The ornament can serve as a perfect gift and it can also be a wonderful accessory for a chic home!;Purse, crystal elements, gold-plated;article with crystal elements (glass), gold plated
70599;Eiffel Tower, Crystal Elements, Gold Plated;Dreaming of the Paris? You can now have the little Eiffel Tower right in your living room. The emblem of the french capital is gold plated and adorned with 4 large glass crystals. A wonderful decoration!;Eiffel Tower, crystal elements,;crystal elements (glass), gold plated
70601;Capricorn, with Components;A wonderful small Capricorn as a zodiac sign for decoration which is gold plated with 24 ct gold. The ornament has  glass crystals incorporated which let the adornment look beautiful and stunning!;Capricorn, with crystal elements;article with crystal elements (glass), gold plated
70602;Aquarius, with Components;A wonderful small Aquarius as a zodiac sign for decoration which is gold plated with 24 ct gold. The ornament has  glass crystals incorporated which let the adornment look beautiful and stunning!;Aquarius, with crystal elements;article with crystal elements (glass), gold plated
70603;Pisces, with Components;A wonderful small pair of pisces as a zodiac sign for decoration which is gold plated with 24 ct gold. The ornament has  glass crystals incorporated which let the adornment look beautiful and stunning!;Pisces, with crystal elements;article with crystal elements (glass), gold plated
70604;Aries, with Components;A wonderful small Aries as a zodiac sign for decoration which is gold plated with 24 ct gold. The ornament has  glass crystals incorporated which let the adornment look beautiful and stunning!;Widder, with crystal elements;article with crystal elements (glass), gold plated
70605;Taurus, with Components;A wonderful small Taurus as a zodiac sign for decoration which is gold plated with 24 ct gold. The ornament has  glass crystals incorporated which let the adornment look beautiful and stunning!;Taurus, with crystal elements;article with crystal elements (glass), gold plated
70606;Gemini, Crystal Elements, Gold Plated;This decoration item represents a detailed Gemini with glass crystal elements and a gold plated surface. The ornament represents a zodiac sign and can therefore serve as a symbolic gift but it can also be a wonderful accessory for a chic home!;Gemini, with crystal elements;article with crystal elements (glass), gold plated
70607;Cancer, Crystal Elements, Gold Plated;This decoration item represents a detailed Cancer with glass crystal elements and a gold plated surface. The ornament represents a zodiac sign and can therefore serve as a symbolic gift but it can also be a wonderful accessory for a chic home!;Cancer, with crystal elements;article with crystal elements (glass), gold plated
70608;Leo, with Components;A wonderful small Leo as a zodiac sign for decoration which is gold plated with 24 ct gold. The ornament has  glass crystals incorporated which let the adornment look beautiful and stunning!;Leo, with crystal elements;article with crystal elements (glass), gold plated
70609;Virgo, Crystal Elements, Gold Plated;This decoration item represents a detailed Virgo with glass crystal elements and a gold plated surface. The ornament represents a zodiac sign and can therefore serve as a symbolic gift but it can also be a wonderful accessory for a chic home!;Virgo, with crystal elements;article with crystal elements (glass), gold plated
70610;Libra, with Components;A wonderful small Libra as a zodiac sign for decoration which is gold plated with 24 ct gold. The ornament has  glass crystals incorporated which let the adornment look beautiful and stunning!;Libra, with crystal elements;article with crystal elements (glass), gold plated
70611;Scorpio, Crystal Elements, Gold Plated;This decoration item represents a detailed Scorpio with glass crystal elements and a gold plated surface. The ornament represents a zodiac sign and can therefore serve as a symbolic gift but it can also be a wonderful accessory for a chic home!;Scorpio, with crystal elements;article with crystal elements (glass), gold plated
70612;Saggitarius, Crystal Elements, Gold Plated;This decoration item represents a detailed Saggitarius with glass crystal elements and a gold plated surface. The ornament represents a zodiac sign and can therefore serve as a symbolic gift but it can also be a wonderful accessory for a chic home!;Saggitarius, with crystal elements;article with crystal elements (glass), gold plated
70616;horse with carriage, crystals;A wonderful small horse with a carriage for decoration which is gold plated with 24 ct gold. The ornament has  glass crystals incorporated which let the adornment look beautiful and stunning!;horse with carriage, crystal elements;crystal elements (glass), gold plated, rotating wheels
70617;Flower Basket, Crystal Elements, Gold Plated;This decoration item represents a detailed flower basket of seven flowers with glass crystal elements and a gold plated surface. The ornament can serve as a perfect gift and it can also be a wonderful accessory for a chic home!;basket with 7 flowers, crystal elements;article with crystal elements (glass), gold plated, with movable flowers
70618;Motor Scooter with crystal;A wonderful small motor scooter for decoration which is gold plated with 24 ct gold. The wheels are movable and the ornament has  glass crystals incorporated which let the adornment look beautiful and stunning!;Motor Scooter with crystal elements;article with crystal elements (glass), gold plated, the wheels are movable
70619;PEGASUS, ENAMELED STAND, Gold Plated;A wonderful Pegasus for decoration which is gold plated with 24 ct gold. The ornament has glass crystals incorporated which let the adornment look beautiful and stunning!;pegasus on enamel floor, silver plated;article with crystal elements (glass), aqua-blue
70620;Photo Frame with Base, Crystal Elements;This photo frame is a great gift to someone special. It has a mirror base and can be filled with a small picture of a wonderful person. The gold and silver plating is rhodium plated for protecting the ornament from tarnishing. It is made for photos of the size 9x13mm.;photo frame with mirror base,;without decoration, for photos 9x13mm
70621;small pig, crystals (glass),;A wonderful small pig for decoration which is gold plated with 24 ct gold. The ornament has  glass crystals incorporated which let the adornment look beautiful and stunning!;small pig, crystal elements (glass),;
70622;CROSS, CRYSTAL ELEMENTS, SILVER, NEW;This item is a beautiful Cross with glass crystal elements and a silver plated surface. It can serve as a perfect gift and it can also be a wonderful accessory for a any home! The surface is rhodium plated for protecting the ornament from tarnishing.;cross, crystal elements, silver plated;
70623;squirrel with crystals (glass);A wonderful small squirrel for decoration which is gold plated with 24 ct gold. The ornament has  glass crystals incorporated which let the adornment look beautiful and stunning!;squirrel with crystal elements (glass);
70624;Sea Horse, Crystal Elements, Gold Plated;This decoration item represents a detailed and cute sea horse with glass crystal elements and a gold plated surface. The ornament can serve as a perfect gift and it can also be a wonderful accessory for a chic home! Build your own little zoo of all our animal crystal ornaments.;small sea horse with crystal elements,;crystal elements (glass), gold plated
70625;star fish with 5 crystals;A wonderful small starfish for decoration which is gold plated with 24 ct gold. The ornament has five  glass crystals incorporated which let the adornment look beautiful and stunning!;star fish with 5 crystal elements;
70626;Parrot, Crystal Elements, Gold Plated;This decoration item represents a detailed and cute parrot with glass crystal elements and a gold plated surface. The ornament can serve as a perfect gift and it can also be a wonderful accessory for a chic home! Build your own little zoo of all our animal crystal ornaments.;parrot with crystal elements (glass),;crystal elements (glass), gold plated
70627;polar bear with crystals;A wonderful small polar bear for decoration which is gold plated with 24 ct gold. The ornament has  glass crystals incorporated which let the adornment look beautiful and stunning!;polar bear with crystal elements;
70628;Pelican, Crystal Elements, Gold Plated;This decoration item represents a detailed and cute pelican with glass crystal elements and a gold plated surface. The ornament can serve as a perfect gift and it can also be a wonderful accessory for a chic home! Build your own little zoo of all our animal crystal ornaments.;pelican with crystal elements;crystal elements (glass), gold plated
70629;Flamingo, Crystal Elements, Gold Plated;This decoration item represents a detailed and cute flamingo with glass crystal elements and a gold plated surface. The ornament can serve as a perfect gift and it can also be a wonderful accessory for a chic home! Build your own little zoo of all our animal crystal ornaments.;flamingo with crystal elements;
70630;hippopotamus with crystals;A wonderful small hippopotamus for decoration which is gold plated with 24 ct gold. The ornament has  glass crystals incorporated which let the adornment look beautiful and stunning!;hippopotamus with Swarovski crystals;
70631;Rhinoceros, Crystal Elements, Gold Plated;This decoration item represents a detailed and cute rhinoceros with glass crystal elements and a gold plated surface. The ornament can serve as a perfect gift and it can also be a wonderful accessory for a chic home! Build your own little zoo of all our animal crystal ornaments.;rhinoceros with crystal elements;
70632;Cobra, Crystal Elements, Gold Plated;This beautiful decoration item represents a cobra snake with a fine pattern and an elegant posure. It has some wonderful glass crystal elements and a gold plated surface. The home decoration item can be a lovely gift or a great accessory for your own living room.;cobra with crystal elements;crystal elements (glass), gold plated
70633;crocodile with crystals;A wonderful small crocodile for decoration which is gold plated with 24 ct gold. The ornament has  glass crystals incorporated which let the adornment look beautiful and stunning!;crocodile with crystal elements;
70634;Kangaroo, Crystal Elements, Gold Plated;This decoration item represents a detailed and cute kangaroo with glass crystal elements and a gold plated surface. The ornament can serve as a perfect gift and it can also be a wonderful accessory for a chic home! Build your own little zoo of all our animal crystal ornaments.;kangaroo with crystal elements;crystal elements (glass), gold plated
70635;Zebra, Crystal Elements, Gold Plated;This decoration item represents a detailed and cute zebra with glass crystal elements and a gold plated surface. The stripes are enameled with a creamy colour. The ornament can serve as a perfect gift and it can also be a wonderful accessory for a chic home! Build your own little zoo of all our animal crystal ornaments.;zebra with crystal elements;creamy color enameled
70636;Tiger, Crystal Elements, Gold Plated;This decoration item represents a detailed tiger with glass crystal elements and a gold plated surface. The ornament can serve as a perfect gift and it can also be a wonderful accessory for a chic home! Build your own little zoo of all our animal crystal ornaments.;tiger with crystal elements topaz;with black color stripes
70637;Elf, Crystal Elements, Gold Plated;This wonderful elf decoration element is not only stunning because of its fine and detailed finish but also because of the crystal glass elements, which make the adornment look beautiful and elegant. The piece is sophisticatedly gold plated.;elf, crystal elements, gold;article with crystal elements (glass), gold plated
70638;Rose Branch, With Pink Rose, Silver Plated;This silver plated rose branch looks unique and serves as a wonderful present for someone special. The silver plated surface is rhodium plated for protecting the decoration piece from tarnishing.;decoration;article with crystal elements (glass), silver plated with protection against oxidation
70639;Photo Frame, Dogs, Silver Coloured;This photo frame looks cute and adorable with the silver coloured border and the dogs that are printed on the frame. The picture frame is suitable for photos of 9x13mm.;photo frame, dogs;for photos 9x13mm
70640;Cat, Crystal Elements, Gold Plated;This decoration item represents a detailed cat with glass crystal elements and a gold plated surface. The ornament can serve as a perfect gift and it can also be a wonderful accessory for a chic home! Build your own little zoo of all our animal crystal ornaments.;cat, crystal elements, gold;article with crystal elements (glass), gold plated
70641;Elephant, Crystal Elements, Gold Plated;This beautiful decoration item represents a cute elephant with shining eyes and a lifted trunk. It has some wonderful glass crystal elements and a gold plated surface. The home decoration item can be a lovely gift or a great accessory for your own living room.;elephant, crystal elements, gold;article with crystal elements (glass), gold plated
70643;Ballett Dancer, Crystal Elements, Gold Plated;This decoration item represents a detailed ballett dancer with glass crystal elements and a gold plated surface. The ornament can serve as a perfect gift and it can also be a wonderful accessory for a chic home!;ballett dancer, crystal elements, gold;
70644;Unicorn, Crystal Elements, Gold Plated;This wonderful unicorn/horse decoration element is not only stunning because of its fine and detailed finish but also because of the crystal glass elements, which make the adornment look beautiful and elegant. The piece is sophisticatedly gold plated.;unicorn, crystal elements, gold;
70645;;;crystal hare;
70646;;;crystal dog;
70647;Glass Crystal Bear, AB;A wonderful home decoration item that is shaped as a bear. The glass crystal has an aurora borealis colour effect, which makes the ornament look beautiful and unique. A great gift to someone special!;crystal bear, AB;
70648;Glass Crystal Hedgehog;A wonderful home decoration item that is shaped as a detailed hedgehog, that is well finished. The glass crystal looks beautiful and unique. A great gift to someone special!;crystal hedgehog;
70649;Glass Crystal, Bird;A wonderful home decoration item that is shaped as a detailed bird, that is well finished. The glass crystal looks beautiful and unique. A great gift to someone special!;crystal bird;
70650;Glass Crystal Pyramid, Selectable Colour;A wonderful home decoration item that is shaped as a detailed pyramid, that is well finished. The glass crystal pyramid looks beautiful and unique in all colours from which you can choose one. A great gift to someone special!;pyramid, crystal;the color is selectable
70651;Glass Crystal Pyramid, Tennis Player;A wonderful home decoration item that is shaped as a detailed pyramid with a tennis player shape in the inside, which is well finished. The glass crystal looks beautiful and unique. A great gift to someone special!;crystal pyramid, tennis;
deko078;;;icemountain, foiled AB;
deko079;;;half-ball, crystal;