itemno;title;description;abe-title;abe-description
201005-19;;;Armband, Panzerkette 2x diamantiert, AMD;-
201005-45;;;Kette, Panzerkette 2x diamantiert, AMD;-
201005-50;;;Kette, Panzerkette 2x diamantiert, AMD;-
201005-55;;;Kette, Panzerkette 2x diamantiert, AMD;-
201006-21;;;Armband, Panzerkette 2x diamantiert AMD;-
201006-23;;;Armband, Panzerkette 2x diamantiert AMD;-
201006-50;;;Kette, Panzerkette 2x diamantiert, AMD;-
201351-36;;;Kette, Panzerkette 2x diamantiert AMD;2x diamantiert
201351-38;;;Kette, Panzerkette 2x diamantiert AMD;2x diamantiert
201351-40;;;Kette, Panzerkette 2x diamantiert AMD;2x diamantiert
201351-42;;;Kette, Panzerkette 2x diamantiert AMD;-
201351-45;;;Kette, Panzerkette 2x diamantiert AMD;-
201351-50;;;Kette, Panzerkette 2x diamantiert AMD;2x diamantiert
201401-27;;;Fußkette, Panzer diamantiert, AMD;3 Ösen bei 23, 25 und 27cm mit Endkugel 4mm, diamantiert
201401-40;;;Kette, Panzerkette 2x diamantiert AMD;2x diamantiert
201401-42;;;Kette, Panzerkette, gold-plattiert;2x diamantiert
201401-45;;;Kette, Panzerkette 2x diamantiert AMD;2x diamantiert
201401-50;;;Kette, Panzerkette 2x diamantiert AMD;2x diamantiert
201401-55;;;Kette, Panzerkette 2x diamantiert AMD;2x diamantiert
201401-60;;;Kette, Panzerkette 2x diamantiert AMD;2x diamantiert
201501-100;;;Bauchkette, Panzer 2x diamantiert, AMD;Bikinikette 100cm, am Ende der Kette mit 3 Ösen im Abstand von 6cm und Endkugel 4mm, 2x diamantiert
201501-19;;;Armband, Panzer, 2x diam, FR, AMD;2x diamantiert
201501-42;;;Kette, Panzer 2x diamantiert, AMD;2x diamantiert
201501-45;;;Kette, Panzer 2x diamantiert, AMD;2x diamantiert
201501-50;;;Kette, Panzer 2x diamantiert, AMD;2x diamantiert
201501-55;;;Kette, Panzer 2x diamantiert, AMD;2x diamantiert
201501-60;;;Kette, Panzer 2x diamantiert, AMD;2x diamantiert
201501-70;;;Kette, Panzer 2x diamantiert, AMD;2x diamantiert
201501-90;;;Bauchkette, Panzer 2x diamantiert, AMD;Bikinikette 90cm, am Ende der Kette mit 3 Ösen im Abstand von 6cm und Endkugel 4mm, 2x diamantiert, ca. 6,2g
201601-50;;;Kette, Panzerkette 2x diamantiert, AMD;2x diamantiert
201601-60;;;Kette, Panzerkette 2x diamantiert, AMD;-
201801-19;;;Armband, Panzer 2x diamantiert, AMD;-
201801-21;;;Armband, Panzer 2x diamantiert, AMD;-
201801-40;;;Kette, Panzerkette 2x diamantiert, AMD;-
201801-42;;;Kette, Panzerkette 2x diamantiert, AMD;-
201801-45;;;Kette, Panzerkette 2x diamantiert AMD;-
201801-50;;;Kette, Panzerkette 2x diamantiert AMD;-
201801-55;;;Kette, Panzerkette 2x diamantiert, AMD;-
201801-60;;;Kette, Panzerkette 2x diamantiert, AMD;-
201801-70;;;Kette, Panzer, 2x diamantiert, AMD;-
202006-21;;;Armband, Weitpanzer, 4x diam, KB, AMD;4x diamantiert
202006-23;;;Armband, Weitpanzer, 4x diam, KB, AMD;4x diamantiert
202006-50;;;Kette, Weitpanzer, 4x diam, KB, AMD;4x diamantiert
202006-60;;;Kette, Weitpanzer, 4x diam, KB, AMD;4x diamantiert
202007-90;;;Bauchkette, 90cm, Weitpanzer rund, AMD;Bikinikette 90cm, am Ende der Kette mit 3 Ösen im Abstand von 6cm und Endkugel 4mm
202008-90;;;Bauchkette, 90, Weitpanzer diamant, AMD;Bikinikette 90cm, am Ende der Kette mit 3 Ösen im Abstand von 6cm und Endkugel 4mm, diamantiert
202009-90;;;Bauchkette, Weitpanzer, gold-plattiert;Bikinikette 90cm, Länge beliebig verstellbar, Endkugel 4mm, diamantiert
203001-19;;;Armband, Zwillingspanzer glänzend, AMD;2x diamantiert
203001-42;;;Kette, Zwillingspanzer glänzend, AMD;2x diamantiert
203002-19;;;Armband, Zwillingspanzer glänzend, AMD;2x diamantiert
203002-45;;;Kette, Zwillingspanzer glänzend, AMD;2x diamantiert
203002-50;;;Kette, Zwillingspanzer glänzend, AMD;2x diamantiert
203003-15;;;Schildband, Doppelpanzer 2x diam, AMD;Öse bei 13 und 15cm, Identitätsarmband für Kinder mit Platte ca. 21x6mm, 2x diamantiert
205003-19;;;Armband, Stegpanzer 2x diamantiert, AMD;-
205003-45;;;Kette, Stegpanzer 2x diamantiert, AMD;-
205003-50;;;Kette, Stegpanzer 2x diamantiert, AMD;-
205006-19;;;Armband, Stegpanzer flach, AMD;2x diamantiert
205006-21;;;Armband, Stegpanzer flach, AMD;2x diamantiert
205006-45;;;Kette, Stegpanzer flach, AMD;2x diamantiert
205006-50;;;Kette, Stegpanzer flach, AMD;2x diamantiert
206001-19;;;Armband, Panzer oval gedrückt, AMD;-
206001-21;;;Armband, Panzer oval gedrückt, AMD;-
206001-45;;;Kette, Panzer oval gedrückt, AMD;-
206001-50;;;Kette, Panzer oval gedrückt, AMD;-
206001-60;;;Kette, Panzer oval gedrückt, AMD;
206002-50;;;Kette, 7mm Panzer oval gedrückt AMD;-
206100-27;;;Fußkette, Venezianer diamantiert, AMD;3 Ösen bei 23, 25 und 27cm mit Endkugel 4mm, diamantiert
206100-38;;;Kette, Venezianer diamantiert, AMD;-
206100-40;;;Kette, Venezianer diamantiert, AMD;-
206100-42;;;Kette, Venezianer diamantiert, AMD;-
206100-45;;;Kette, Venezianer diamantiert, AMD;-
206100-50;;;Kette, Venezianer diamantiert, AMD;-
206100-60;;;Kette, Venezianer diamantiert, AMD;diamantiert
206103-45;;;Kette, Venezianer diamantiert, AMD;diamantiert
206105-50;;;Kette, Venezianer diamantiert, AMD;diamantiert
206105-55;;;Kette, Venezianer diamantiert, AMD;diamantiert
206105-60;;;Kette, Venezianer diamantiert, AMD;diamantiert
206105-70;;;Kette, Venezianer diamantiert, AMD;diamantiert
206200-50;;;Kette, Venezianer 2mm, AMD;Halskette in 10/000 Milliem gold-plattiert
206200-60;;;Kette, Venezianer 2mm, AMD;Halskette in 10/000 Milliem gold-plattiert
208001-19;;;Armband, 5mm, S-Panzer, AMD;-
208001-50;;;Kette, S-Panzer, 2x diamantiert, AMD;-
208001-55;;;Kette, S-Panzer, 2x diamantiert, AMD;-
208004-19;;;Armband, 3,5mm, S-Panzer, AMD;-
208004-45;;;Kette, 3,5mm, S-Panzer, AMD;-
208004-50;;;Kette, 3,5mm, S-Panzer, AMD;-
208004-60;;;Kette, 3,5mm, S-Panzer, AMD;-
210006-19;;;Armband, Figaro-Panz. 2x diamantiert AMD;-
210006-45;;;Kette, Figaro-Panz. 2x diamantiert AMD;
210011-19;;;Armband, Figaro, 4x diamantiert, AMD;-
210011-21;;;Armband, Figaro, 4x diamantiert, AMD;4x diamantiert
210011-50;;;Kette, Figaro, 4x diamantiert, AMD;-
210011-60;;;Kette, Figaro 4x diamantiert, AMD;-
210016-15;;;Armband, Schildband Figaro-Panzer, AMD;Öse bei 13 und 15cm, Identitätsarmband für Kinder mit Platte ca. 21x6mm, 2x diamantiert
211000-19;;;Armband, 3,5mm Anker (Erbs) oval, AMD;ovale Kettenglieder, abgerundet
211000-45;;;Kette, 3,5mm Anker (Erbs) oval, AMD;ovale Kettenglieder, abgerundet
211000-50;;;Kette, 3,5mm Anker (Erbs) oval, AMD;ovale Kettenglieder, abgerundet
211001-45;;;Kette, Ankerkette 8x diam, AMD;8x diamantiert
211001-50;;;Kette, Ankerkette 8x diam, AMD;8x diamantiert
211001-55;;;Kette, Ankerkette 8x diam, AMD;8x diamantiert
211002-90;;;Bauchkette, 90cm, Ankerkette, AMD;Bikinikette 90cm, am Ende der Kette mit 3 Ösen im Abstand von 6cm und Endkugel 4mm
211003-19;;;Armband, 6mm Bismarck, AMD;-
211003-21;;;Armband, 6mm Bismarck, AMD;-
211003-45;;;Kette, 6mm Bismarck, AMD;-
211003-50;;;Kette, 6mm Bismarck, AMD;-
211005-19;;;Armband, 4mm Anker Dreikant, AMD;ovale Kettenglieder, glatt
211005-45;;;Kette, 4mm Ankerkette Dreikant, AMD;ovale Kettenglieder, glatt
211005-50;;;Kette, 4mm Ankerkette Dreikant, AMD;ovale Kettenglieder, glatt
211005-70;;;Kette, 4mm Ankerkette Dreikant, AMD;ovale Kettenglieder, glatt
211006-21;;;Armband, Anker 5mm 8x diamantiert, AMD;8x diamantiert
211006-50;;;Kette, Anker 5mm 8x diamantiert, AMD;-
211007-50;;;Kette, Ankerkette 4x diamantiert, AMD;4x diamantiert, ACHTUNG: Kette mit Karabiner-Verschluss 6,28mm
211008-19;;;Armband, 5mm Anker (Erbs) oval, AMD;ovale Kettenglieder, abgerundet
211008-21;;;Armband, 5mm Anker (Erbs) oval, AMD;ovale Kettenglieder, abgerundet
211008-45;;;Kette, 5mm Ankerkette (Erbs) oval AMD;ovale Kettenglieder, abgerundet
211008-50;;;Kette, 5mm Ankerkette (Erbs) oval AMD;ovale Kettenglieder, abgerundet
211008-60;;;Kette, 5mm Ankerkette (Erbs) oval AMD;ovale Kettenglieder, abgerundet
211008-70;;;Kette, 5mm Ankerkette (Erbs) oval AMD;ovale Kettenglieder, abgerundet
211601-27;;;Fußkette, Weitpanzer diamantiert, AMD;3 Ösen bei 23, 25 und 27cm mit Endkugel 4mm, diamantiert
211601-90;;;Bauchkette, Weitpanzer diamantiert, AMD;Bikinikette 90cm, am Ende der Kette mit 3 Ösen im Abstand von 6cm und Endkugel 4mm, 2x diamantiert
213631-19;;;Armband, Figaro-Panz. 2x diamantiert AMD;-
213631-42;;;Kette, Figaro-Panz. 2x diamantiert AMD;diamantiert
213631-45;;;Kette, Figaro-Panz. 2x diamantiert AMD;-
213631-50;;;Kette, Figaro-Panz. 2x diamantiert AMD;-
213631-60;;;Kette, Figaro-Panz. 2x diamantiert AMD;-
213631-70;;;Kette, Figaro-Panz. 2x diamantiert AMD;-
213831-42;;;Kette, Figaro-Panz. 2x diamantiert AMD;-
213831-45;;;Kette, Figaro-Panz. 2x diamantiert AMD;-
213831-50;;;Kette, Figaro-Panz. 2x diamantiert AMD;-
213831-70;;;Kette, Figaro-Panz. 2x diamantiert AMD;-
214710-19;;;Armband, Panzer oval gedrückt, AMD;-
214710-42;;;Kette, Panzer oval gedrückt, AMD;-
214710-45;;;Kette, Panzer oval gedrückt, AMD;-
214710-50;;;Kette, Panzer oval gedrückt, AMD;-
214710-55;;;Kette, Panzer oval gedrückt, AMD;-
214710-60;;;Kette, Panzer oval gedrückt, AMD;-
214760-19;;;Armband, Panzer oval gedrückt, AMD;-
214760-40;;;Kette, Panzer oval gedrückt, AMD;-
214760-42;;;Kette, Panzer oval gedrückt, AMD;-
214760-45;;;Kette, Panzer oval gedrückt, AMD;-
214760-50;;;Kette, Panzer oval gedrückt, AMD;-
214780-38;;;Kette, Panzer oval gedrückt, AMD;-
214780-42;;;Kette, Panzer oval gedrückt, AMD;-
214780-50;;;Kette, Panzer oval gedrückt, AMD;-
214780-70;;;Kette, Panzer oval gedrückt, AMD;-
217000-19;;;Armband, Kordel rund massiv, AMD;-
217003-19;;;Armband, 3mm Kordelkette, AMD;diamantiert
217003-45;;;Kette, 3mm Kordelkette, AMD;diamantiert
217003-50;;;Kette, 3mm Kordelkette, AMD;diamantiert
217003-70;;;Kette, 3mm Kordelkette, AMD;diamantiert
217004-21;;;Armband, 4mm Kordel, AMD;diamantiert
217004-60;;;Kette, 4mm Kordelkette, AMD;diamantiert
217004-70;;;Kette, 4mm Kordelkette, AMD;diamantiert
218000-19;;;Armband, Singapur diamantiert, AMD;-
218000-21;;;Armband, Singapur diamantiert, AMD;-
218000-50;;;Kette, Singapur diamantiert, AMD;-
218000-60;;;Kette, Singapur diamantiert, AMD;-
218000-70;;;Kette, Singapur diamantiert, AMD;-
219000-19;;;Armband, 1,4mm Schlange mit Kugeln, AMD;runde Schlangenkette mit kleinen aufgesetzten Kugeln 3mm im Abstand von etwa 15mm
219000-38;;;Kette, Schlangenkette mit Kugeln, AMD;runde Schlangenkette mit kleinen aufgesetzten Kugeln 3mm im Abstand von etwa 15mm
219000-42;;;Kette, Schlangenkette mit Kugeln, AMD;runde Schlangenkette mit kleinen aufgesetzten Kugeln 3mm im Abstand von etwa 15mm
219000-45;;;Kette, Schlangenkette mit Kugeln, AMD;runde Schlangenkette mit kleinen aufgesetzten Kugeln 3mm im Abstand von etwa 15mm
219000-50;;;Kette, Schlangenkette mit Kugeln, AMD;runde Schlangenkette mit kleinen aufgesetzten Kugeln 3mm im Abstand von etwa 15mm
219001-17;;;Armband, 1mm Schlange glatt, AMD;dünnes Schlangenarmband ca. 1mm
219001-19;;;Armband, 1mm Schlange glatt, AMD;dünnes Schlangenarmband ca. 1mm
219001-42;;;Kette, 1mm Schlangenkette glatt, AMD;dünnes Schlangenkettchen ca. 1mm, Karabiner 6mm
219001-45;;;Kette, 1mm Schlangenkette glatt, AMD;dünnes Schlangenkettchen ca. 1mm, Karabiner 6mm
219002-19;;;Armband, 2mm Schlange glatt, AMD;Schlangenarmband ca. 2mm
219002-36;;;Kette, 2mm Schlangenkette glatt, AMD;-
219002-42;;;Kette, 2mm Schlangenkette glatt, AMD;-
219002-45;;;Kette, 2mm Schlangenkette glatt, AMD;-
219003-19;;;Armband, Schlange, rund, diam, FR, AMD;diamantiert
219004-19;;;Armband, Schlange, rund diam, KB, AMD;diamantiert
219005-19;;;Armband, Schlange, rund-glatt, AMD;-
219005-40;;;Kette, Schlangenkette rund-glatt, AMD;Karabiner 6mm^
219005-42;;;Kette, Schlangenkette rund-glatt, AM;Karabiner 6mm
219005-45;;;Kette, Schlangenkette rund-glatt, AMD;Karabiner 6mm
219005-50;;;Kette, Schlangenkette rund-glatt, AMD;Karabiner 6mm
219005-60;;;Kette, Schlangenkette rund-glatt, AMD;Karabiner 6mm
219005-70;;;Kette, Schlangenkette rund-glatt, AMD;Karabiner 6mm
219006-19;;;Armband, Schlange, rund, diam, FR, AMD;diamantiert
219007-19;;;Armband, Schlange rund diamantiert, AMD;diamantiert
219007-45;;;Kette, Schlange rund diamantiert, AMD;diamantiert
219007-50;;;Kette, Schlange rund diamantiert, AMD;diamantiert
219007-55;;;Kette, Schlange rund diamantiert, AMD;diamantiert
219007-60;;;Kette, Schlange rund diamantiert, AMD;-
219007-70;;;Kette, Schlange rund diamantiert, AMD;-
219010-38;;;Kette, dünne Schlangenkette, AMD;
219010-40;;;Kette, dünne Schlangenkette, AMD;-
219010-42;;;Kette, dünne Schlangenkette, AMD;-
219010-45;;;Kette, dünne Schlangenkette, AMD;-
219010-50;;;Kette, dünne Schlangenkette, AMD;-
219010-60;;;Kette, dünne Schlangenkette, AMD;-
219010-70;;;Kette, dünne Schlangenkette, AMD;-
219011-19;;;Armband, 2,4mm Schlange glatt, AMD;Schlangenarmband ca. 2,4mm
219011-38;;;Kette, 2,4mm Schlangenkette glatt, AMD;-
219011-45;;;Kette 2,4mm Schlangenkette glatt, AMD;-
219011-50;;;Kette 2,4mm Schlangenkette glatt, AMD;-
219011-60;;;Kette 2,4mm Schlangenkette glatt, AMD;-
219011-70;;;Kette 2,4mm Schlangenkette glatt, AMD;-
220000-19;;;Armband, 6x2mm Schlange flach, AMD;Schlangenarmband ca. 6x2mm, sehr weich und biegsam
220000-21;;;Armband, 6x2mm Schlange flach, AMD;Schlangenarmband ca. 6x2mm, sehr weich und biegsam
220000-45;;;Kette, 6x2mm Schlange flach, AMD;Schlangenkette ca. 6x2mm, sehr weich und biegsam
220000-50;;;Kette, 6x2mm Schlange flach, AMD;Schlangenkette ca. 6x2mm, sehr weich und biegsam
220002-19;;;Armband, 4x2mm Schlange flach, AMD;Schlangenarmband ca. 4x2mm, sehr weich und biegsam
220002-42;;;Kette, 4x2mm Schlange flach, AMD;Schlangenkette ca. 4x2mm, sehr weich und biegsam
220002-45;;;Kette, 4x2mm Schlange flach, AMD;Schlangenkette ca. 4x2mm, sehr weich und biegsam
221000-19;;;Armband, 1mm Schlange-Vierkant, AMD;mit festen Zwischenteilen im Abstand von etwa 10mm
221000-42;;;Kette, 1mm Schlange-Vierkant, AMD;mit festen Zwischenteilen im Abstand von etwa 10mm
221000-45;;;Kette, 1mm Schlange-Vierkant, AMD;mit festen Zwischenteilen im Abstand von etwa 10mm
222300-27;;;Fußkette, Ankerkettchen gedreht, AMD;3 Ösen bei 23, 25 und 27cm mit Endkugel 4mm
222600-50;;;Kette, 4, Doppel-Anker, AMD;-
224000-21;;;Armband, Kobra rund, KB , AMD;-
224000-42;;;Kette, Kobra rund, Paloma, AMD;-
224000-50;;;Kette, Kobra rund, Paloma, AMD;-
224000-55;;;Kette, Kobra rund, Paloma, AMD;-
224000-60;;;Kette, Kobra rund, Paloma, AMD;-
224000-70;;;Kette, Kobra rund, Paloma, AMD;-
224001-19;;;Armband, Kobrakette rund, Paloma, AMD;-
224001-42;;;Kette, Kobrakette rund, Paloma, AMD;-
224001-45;;;Kette, Kobrakette rund, Paloma, AMD;-
224001-50;;;Kette, Kobrakette rund, Paloma, AMD;-
224001-60;;;Kette, Kobrakette rund, Paloma, AMD;-
224001-70;;;Kette, Kobrakette rund, Paloma, AMD;-
224760-19;;;Armband, Ankerkette oval gedrückt, AMD;-
224760-40;;;Kette, Ankerkette oval gedrückt, AMD;-
224760-42;;;Kette, Ankerkette oval gedrückt, AMD;-
224760-45;;;Kette, Ankerkette oval gedrückt, AMD;-
225001-100;;;Kette, Erbskette, AMD;Erbskette ohne Verschluss
225002-100;;;Kette, Erbskette Meterware, AMD;Erbskette ohne Verschluss
227000-19;;;Armband, Tigerauge, 2x diamantiert, AMD;-
227000-42;;;Kette, Tigerauge, 2x diamantiert, AMD;-
227000-45;;;Kette, Tigerauge, 2x diamantiert, AMD;-
227000-50;;;Kette, Tigerauge, 2x diamantiert, AMD;-
230002-19;;;Armband, Fantasie mit Kugeln, AMD;Armband besteht aus 4 dünnen kleinen Ankerkettchen die von 4mm kugelähnlichen Zwischenteilen zusammengehalten werden. Sehr filigran.
230002-45;;;Kette, Fantasiekette mit Kugeln, AMD;Kette besteht aus 4 dünnen kleinen Ankerkettchen die von 4mm kugelähnlichen Zwischenteilen zusammengehalten werden. Sehr filigran.
230005-21;;;Armband, Fantasiekette -Euro-, AMD;mit Euro-Muster
230005-50;;;Kette, Fantasiekette -Euro-, AMD;mit Euro-Muster
230006-70;;;Kette, 7mm, Fantasiekette flach, AMD;-
230007-17;;;Armband, Fantasie, flach, AMD;-
230007-19;;;Armband, Fantasiekette flach, AMD;-
230007-21;;;Armband, Fantasiekette flach, AMD;-
230007-42;;;Kette, Fantasiekette flach, AMD;-
230007-45;;;Kette, Fantasiekette flach, AMD;-
230007-50;;;Kette, Fantasiekette flach, AMD;-
230007-55;;;Kette, Fantasiekette flach, AMD;-
230007-60;;;Kette, Fantasiekette flach, AMD;-
230008-19;;;Armband mit kleinen Ringen, AMD;filigranes Armband bestehend aus hunderten von kleinen Ringen (ca. 5mm), fällt sehr weich
230015-17;;;Armband, 5mm Fantasie flach, AMD;-
230015-19;;;Armband, 5mm Fantasie flach, AMD;-
230015-42;;;Kette, 5mm Fantasiekette flach, AMD;-
230015-45;;;Kette, 5mm Fantasiekette flach, AMD;-
230015-50;;;Kette, 5mm Fantasiekette flach, AMD;-
230015-70;;;Kette, 5mm Fantasiekette flach, AMD;-
230020-19;;;Armband, Stäbchen und 3x Kugel, KB, AMD;-
230024-19;;;Armband, Fantasie, Glasperlen aqua, AMD;mit hellblauen Glasperlen in den Kettengliedern
230024-42;;;Kette, Fantasie, Glasperlen aqua, AMD;mit hellblauen Glasperlen in den Kettengliedern
230024-45;;;Kette, Fantasie, Glasperlen aqua, AMD;mit hellblauen Glasperlen in den Kettengliedern
230035-19;;;Armband, Fantasie, Glasperlen rot, AMD;mit roten Glasperlen und kleinen Herzen ca. 6mm
230035-42;;;Kette, Fantasie, Glasperlen rot, AMD;mit roten Glasperlen und kleinen Herzen ca. 6mm
230035-45;;;Kette, Fantasie, Glasperlen rot, AMD;mit roten Glasperlen und kleinen Herzen ca. 6mm
230036-19;;;Armband, Fantasie, Glasperlen blau, AMD;mit hellblauen Glasperlen und kleinen Herzen ca. 6mm
230036-42;;;Kette, Fantasie, Glasperlen blau, AMD;mit hellblauen Glasperlen und kleinen Herzen ca. 6mm
230036-45;;;Kette, Fantasie, Glasperlen blau, AMD;mit hellblauen Glasperlen und kleinen Herzen ca. 6mm
232002-21;;;Armband, Vierkant, rund glzd, KB, AMD;-
232003-19;;;Armband, Vierkant, diam, KB, AMD;diamantiert
232004-19;;;Armband, Vierkant, diam, KB, AMD;diamantiert
232006-19;;;Armband, Vierkant, diam, KB, AMD;diamantiert
233000-70;;;Kette, Weitanker mit Muster, AMD;Langanker-Kette
237000-19;;;Armband, 3mm Königskette Vierkant, AMD;diamantiert 
237000-21;;;Armband, 3mm Königskette Vierkant, AMD;diamantiert, Karabiner 9mm 
237000-45;;;Kette, 3mm Königskette Vierkant, AMD;diamantiert
237000-50;;;Kette, 3mm Königskette Vierkant, AMD;diamantiert, Karabiner 6mm
237000-55;;;Kette, 3mm Königskette Vierkant, AMD;diamantiert, Karabiner 6mm
237000-60;;;Kette, 3mm Königskette Vierkant, AMD;diamantiert, Karabiner 6mm
237000-70;;;Kette, 3mm Königskette Vierkant, AMD;diamantiert, Karabiner 6mm
237002-19;;;Armband, 5mm Königskette Vierkant, AMD;diamantiert, Karabiner 9mm
237002-21;;;Armband, 5mm Königskette Vierkant, AMD;diamantiert, Karabiner 9mm
237002-45;;;Kette, 5mm Königskette Vierkant, AMD;diamantiert, Karabiner 9mm
237002-50;;;Kette, 5mm Königskette Vierkant, AMD;diamantiert, Karabiner 9mm
237002-55;;;Kette, 5mm Königskette Vierkant, AMD;diamantiert, Karabiner 10mm
237002-60;;;Kette, 5mm Königskette Vierkant, AMD;diamantiert, Karabiner 10mm
237002-70;;;Kette, 5mm Königskette Vierkant, AMD;diamantiert
237003-21;;;Armband, 6mm Königskette Vierkant, AMD;diamantiert
237003-23;;;Armband, 6mm Königskette Vierkant, AMD;diamantiert, Karabiner 10mm
237003-50;;;Kette, 6mm Königskette Vierkant, AMD;diamantiert, Karabiner 10mm
237003-55;;;Kette, 6mm Königskette Vierkant, AMD;diamantiert, Karabiner 10mm
237003-60;;;Kette, 6mm Königskette Vierkant, AMD;diamantiert, Karabiner 10mm
237004-23;;;Armband, 7mm Königskette Vierkant, AMD;diamantiert, Karabiner 11,7mm
237004-55;;;Kette, 7mm Königskette Vierkant, AMD;diamantiert, Karabiner 12mm
237004-60;;;Kette, 7mm Königskette Vierkant, AMD;diamantiert, Karabiner 12mm
237005-19;;;Armband, 5mm Königskette rund, AMD;sehr weich und anschmiegsam
237005-21;;;Armband, 5mm Königskette rund, AMD;sehr weich und anschmiegsam
237005-45;;;Kette, 5mm Königskette rund, AMD;sehr weich und anschmiegsam
237005-50;;;Kette, 5mm Königskette rund, AMD;sehr weich und anschmiegsam
238000-42;;;Kette, Tonda rund, gold-plattiert;-
238000-45;;;Kette, Tonda rund, gold-plattiert;-
244350-19;;;Armband, Singapur diamantiert, AMD;-
244350-27;;;Fußkette, Singapur gold-plattiert, 925;Kette Silber 925, 3 Ösen bei 23, 25 und 27cm, 4mm Endkugel, gold-plattiert 10/000
244350-38;;;Kette, Singapur diamantiert, AMD;-
244350-40;;;Kette, Singapur diamantiert, AMD;-
244350-42;;;Kette, Singapur diamantiert, AMD;-
244350-45;;;Kette, Singapur diamantiert, AMD;-
244350-50;;;Kette, Singapur diamantiert, AMD;-
244350-55;;;Kette, Singapur diamantiert, AMD;-
244350-60;;;Kette, Singapur diamantiert, AMD;-
244350-90;;;Bauchkette, Singapur, gold-plattiert;Bikinikette gold-plated (vergoldet), am Ende der Kette 3 Ösen im Abstand von 6cm  mit Endkugel 4mm, diamantiert
30001-56;;Ein wunderschöner, vergoldeter Fingerring in hochwertiger Double-Qualität, in der Mitte verziert mit einer synthetischen Perle 7,5mm und vielen Zirkonias auf den beiden geschwungenen Bögen.;Ring, Perle, vergoldet, 3 Micron;Ein wunderschöner, vergoldeter Fingerring in hochwertiger Double-Qualität, in der Mitte verziert mit einer synthetischen Perle 7,5mm und vielen Zirkonias auf den beiden geschwungenen Bögen.
30001-58;;Ein wunderschöner, vergoldeter Fingerring in hochwertiger Double-Qualität, in der Mitte verziert mit einer synthetischen Perle 7,5mm und vielen Zirkonias auf den beiden geschwungenen Bögen.;Ring, Perle, vergoldet, 3 Micron;Ein wunderschöner, vergoldeter Fingerring in hochwertiger Double-Qualität, in der Mitte verziert mit einer synthetischen Perle 7,5mm und vielen Zirkonias auf den beiden geschwungenen Bögen.
30001-60;;Ein wunderschöner, vergoldeter Fingerring in hochwertiger Double-Qualität, in der Mitte verziert mit einer synthetischen Perle 7,5mm und vielen Zirkonias auf den beiden geschwungenen Bögen.;Ring, Perle, vergoldet 3 Micron;Ein wunderschöner, vergoldeter Fingerring in hochwertiger Double-Qualität, in der Mitte verziert mit einer synthetischen Perle 7,5mm und vielen Zirkonias auf den beiden geschwungenen Bögen.
30001-62;;Ein wunderschöner, vergoldeter Fingerring in hochwertiger Double-Qualität, in der Mitte verziert mit einer synthetischen Perle 7,5mm und vielen Zirkonias auf den beiden geschwungenen Bögen.;Ring, Perle, vergoldet 3 Micron;Ein wunderschöner, vergoldeter Fingerring in hochwertiger Double-Qualität, in der Mitte verziert mit einer synthetischen Perle 7,5mm und vielen Zirkonias auf den beiden geschwungenen Bögen.
30001-64;;Ein wunderschöner, vergoldeter Fingerring in hochwertiger Double-Qualität, in der Mitte verziert mit einer synthetischen Perle 7,5mm und vielen Zirkonias auf den beiden geschwungenen Bögen.;Ring, Perle, vergoldet 3 Micron;Ein wunderschöner, vergoldeter Fingerring in hochwertiger Double-Qualität, in der Mitte verziert mit einer synthetischen Perle 7,5mm und vielen Zirkonias auf den beiden geschwungenen Bögen.
30001-66;;Ein wunderschöner, vergoldeter Fingerring in hochwertiger Double-Qualität, in der Mitte verziert mit einer synthetischen Perle 7,5mm und vielen Zirkonias auf den beiden geschwungenen Bögen.;Ring, Perle, vergoldet 3 Micron;Ein wunderschöner, vergoldeter Fingerring in hochwertiger Double-Qualität, in der Mitte verziert mit einer synthetischen Perle 7,5mm und vielen Zirkonias auf den beiden geschwungenen Bögen.
30002-56;;Ein wunderschöner, vergoldeter Fingerring in hochwertiger Double-Qualität, verziert mit vielen Zirkonias auf beiden geschwungenen Bögen.;Ring, Zirkonia, vergoldet 3 Micron;Ein wunderschöner, vergoldeter Fingerring in hochwertiger Double-Qualität, verziert mit vielen Zirkonias auf beiden geschwungenen Bögen.
30002-58;;Ein wunderschöner, vergoldeter Fingerring in hochwertiger Double-Qualität, verziert mit vielen Zirkonias auf beiden geschwungenen Bögen.;Ring, Zirkonia, vergoldet 3 Micron;Ein wunderschöner, vergoldeter Fingerring in hochwertiger Double-Qualität, verziert mit vielen Zirkonias auf beiden geschwungenen Bögen.
30002-60;;Ein wunderschöner, vergoldeter Fingerring in hochwertiger Double-Qualität, verziert mit vielen Zirkonias auf beiden geschwungenen Bögen.;Ring, Zirkonia, vergoldet 3 Micron;Ein wunderschöner, vergoldeter Fingerring in hochwertiger Double-Qualität, verziert mit vielen Zirkonias auf beiden geschwungenen Bögen.
30002-62;;Ein wunderschöner, vergoldeter Fingerring in hochwertiger Double-Qualität, verziert mit vielen Zirkonias auf beiden geschwungenen Bögen.;Ring, Zirkonia, vergoldet 3 Micron;Ein wunderschöner, vergoldeter Fingerring in hochwertiger Double-Qualität, verziert mit vielen Zirkonias auf beiden geschwungenen Bögen.
30002-64;;Ein wunderschöner, vergoldeter Fingerring in hochwertiger Double-Qualität, verziert mit vielen Zirkonias auf beiden geschwungenen Bögen.;Ring, Zirkonia, vergoldet 3 Micron;Ein wunderschöner, vergoldeter Fingerring in hochwertiger Double-Qualität, verziert mit vielen Zirkonias auf beiden geschwungenen Bögen.
30002-66;;Ein wunderschöner, vergoldeter Fingerring in hochwertiger Double-Qualität, verziert mit vielen Zirkonias auf beiden geschwungenen Bögen.;Ring, Zirkonia, vergoldet 3 Micron;Ein wunderschöner, vergoldeter Fingerring in hochwertiger Double-Qualität, verziert mit vielen Zirkonias auf beiden geschwungenen Bögen.
30003-58;;hochmodischer Fingerring mit angedeuteten Kettengliedern, jedes zweite Glied mit Zirkonias verziert;Ring, Zirkonia, vergoldet 3 Micron;angedeutete Kettenglieder, jedes zweite Glied mit Zirkonias verziert
30003-60;;hochmodischer Fingerring mit angedeuteten Kettengliedern, jedes zweite Glied mit Zirkonias verziert;Ring, Zirkonia, vergoldet 3 Micron;angedeutete Kettenglieder, jedes zweite Glied mit Zirkonias verziert
30003-62;;hochmodischer Fingerring mit angedeuteten Kettengliedern, jedes zweite Glied mit Zirkonias verziert;Ring, Zirkonia, vergoldet 3 Micron;angedeutete Kettenglieder, jedes zweite Glied mit Zirkonias verziert
30003-64;;hochmodischer Fingerring mit angedeuteten Kettengliedern, jedes zweite Glied mit Zirkonias verziert;Ring, Zirkonia, vergoldet 3 Micron;angedeutete Kettenglieder, jedes zweite Glied mit Zirkonias verziert
30003-66;;;Ring, Zirkonia, vergoldet 3 Micron;angedeutete Kettenglieder, jedes zweite Glied mit Zirkonias verziert
30004-56;;hochwertig gefertigter XXL Fingerring in bester Juwelierqualität mit großem Zirkonia rot 10mm;Ring, Zirkonia, vergoldet 3 Micron;großer Zirkonia rot 10mm
30004-58;;hochwertig gefertigter XXL Fingerring in bester Juwelierqualität mit großem Zirkonia rot 10mm;Ring, Zirkonia, vergoldet 3 Micron;großer Zirkonia rot 10mm
30004-60;;hochwertig gefertigter XXL Fingerring in bester Juwelierqualität mit großem Zirkonia rot 10mm;Ring, Zirkonia, vergoldet 3 Micron;großer Zirkonia rot 10mm
30004-62;;hochwertig gefertigter XXL Fingerring in bester Juwelierqualität mit großem Zirkonia rot 10mm;Ring, Zirkonia, vergoldet 3 Micron;großer Zirkonia rot 10mm
30004-64;;hochwertig gefertigter XXL Fingerring in bester Juwelierqualität mit großem Zirkonia rot 10mm;Ring, Zirkonia, vergoldet 3 Micron;großer Zirkonia rot 10mm
30004-66;;hochwertig gefertigter XXL Fingerring in bester Juwelierqualität mit großem Zirkonia rot 10mm;Ring, Zirkonia, vergoldet 3 Micron;großer Zirkonia rot 10mm
30005-56;;hochwertig gefertigter XXL Fingerring in bester Juwelierqualität mit sehr schönem großem Zirkonia topas 12mm;Ring, Zirkonia, vergoldet 3 Micron;großer Zirkonia topasfarben 12mm
30005-58;;hochwertig gefertigter XXL Fingerring in bester Juwelierqualität mit sehr schönem großem Zirkonia topas 12mm;Ring, Zirkonia, vergoldet 3 Micron;großer Zirkonia topasfarben 12mm
30005-60;;hochwertig gefertigter XXL Fingerring in bester Juwelierqualität mit sehr schönem großem Zirkonia topas 12mm;Ring, Zirkonia, vergoldet 3 Micron;großer Zirkonia topasfarben 12mm
30005-62;;hochwertig gefertigter XXL Fingerring in bester Juwelierqualität mit sehr schönem großem Zirkonia topas 12mm;Ring, Zirkonia, vergoldet 3 Micron;großer Zirkonia topasfarben 12mm
30005-64;;hochwertig gefertigter XXL Fingerring in bester Juwelierqualität mit sehr schönem großem Zirkonia topas 12mm;Ring, Zirkonia, vergoldet 3 Micron;großer Zirkonia topasfarben 12mm
30005-66;;hochwertig gefertigter XXL Fingerring in bester Juwelierqualität mit sehr schönem großem Zirkonia topas 12mm;Ring, Zirkonia, vergoldet 3 Micron;großer Zirkonia topasfarben 12mm
30006-56;;ein roter Zirkonia 5x7mm in der Mitte, rechts und links davon je 4 ovale weiße Zirkonias in Blütenform und je 3 kleine rote Zirkonias auf der Ringschiene;Ring, Zirkonia, vergoldet 3 Micron;ein roter Zirkonia 5x7mm in der Mitte, rechts und links davon je 4 ovale weiße Zirkonias in Blütenform und je 3 kleine rote Zirkonias auf der Ringschiene
30006-58;;ein roter Zirkonia 5x7mm in der Mitte, rechts und links davon je 4 ovale weiße Zirkonias in Blütenform und je 3 kleine rote Zirkonias auf der Ringschiene;Ring, Zirkonia, vergoldet 3 Micron;ein roter Zirkonia 5x7mm in der Mitte, rechts und links davon je 4 ovale weiße Zirkonias in Blütenform und je 3 kleine rote Zirkonias auf der Ringschiene
30006-60;;ein roter Zirkonia 5x7mm in der Mitte, rechts und links davon je 4 ovale weiße Zirkonias in Blütenform und je 3 kleine rote Zirkonias auf der Ringschiene;Ring, Zirkonia, vergoldet 3 Micron;ein roter Zirkonia 5x7mm in der Mitte, rechts und links davon je 4 ovale weiße Zirkonias in Blütenform und je 3 kleine rote Zirkonias auf der Ringschiene
30006-62;;ein roter Zirkonia 5x7mm in der Mitte, rechts und links davon je 4 ovale weiße Zirkonias in Blütenform und je 3 kleine rote Zirkonias auf der Ringschiene;Ring, Zirkonia, vergoldet 3 Micron;ein roter Zirkonia 5x7mm in der Mitte, rechts und links davon je 4 ovale weiße Zirkonias in Blütenform und je 3 kleine rote Zirkonias auf der Ringschiene
30006-64;;ein roter Zirkonia 5x7mm in der Mitte, rechts und links davon je 4 ovale weiße Zirkonias in Blütenform und je 3 kleine rote Zirkonias auf der Ringschiene;Ring, Zirkonia, vergoldet 3 Micron;ein roter Zirkonia 5x7mm in der Mitte, rechts und links davon je 4 ovale weiße Zirkonias in Blütenform und je 3 kleine rote Zirkonias auf der Ringschiene
30006-66;;ein roter Zirkonia 5x7mm in der Mitte, rechts und links davon je 4 ovale weiße Zirkonias in Blütenform und je 3 kleine rote Zirkonias auf der Ringschiene;Ring, Zirkonia, vergoldet 3 Micron;ein roter Zirkonia 5x7mm in der Mitte, rechts und links davon je 4 ovale weiße Zirkonias in Blütenform und je 3 kleine rote Zirkonias auf der Ringschiene
30007-56;;hochwertig gefertigter Fingerring in bester Juwelierqualität mit sehr schönem ovalen blauen Zirkonia 6x8mm, flankiert von 2 kleinen weißen Zirkonias;Ring, Zirkonia, vergoldet 3 Micron;ovaler blauer Zirkonia 6x8mm, flankiert von 2 kleinen weißen Zirkonias
30007-58;;hochwertig gefertigter Fingerring in bester Juwelierqualität mit sehr schönem ovalen blauen Zirkonia 6x8mm, flankiert von 2 kleinen weißen Zirkonias;Ring, Zirkonia, vergoldet 3 Micron;ovaler blauer Zirkonia 6x8mm, flankiert von 2 kleinen weißen Zirkonias
30007-60;;hochwertig gefertigter Fingerring in bester Juwelierqualität mit sehr schönem ovalen blauen Zirkonia 6x8mm, flankiert von 2 kleinen weißen Zirkonias;Ring, Zirkonia, vergoldet 3 Micron;ovaler blauer Zirkonia 6x8mm, flankiert von 2 kleinen weißen Zirkonias
30007-62;;hochwertig gefertigter Fingerring in bester Juwelierqualität mit sehr schönem ovalen blauen Zirkonia 6x8mm, flankiert von 2 kleinen weißen Zirkonias;Ring, Zirkonia, vergoldet 3 Micron;ovaler blauer Zirkonia 6x8mm, flankiert von 2 kleinen weißen Zirkonias
30007-64;;hochwertig gefertigter Fingerring in bester Juwelierqualität mit sehr schönem ovalen blauen Zirkonia 6x8mm, flankiert von 2 kleinen weißen Zirkonias;Ring, Zirkonia, vergoldet 3 Micron;ovaler blauer Zirkonia 6x8mm, flankiert von 2 kleinen weißen Zirkonias
30007-66;;hochwertig gefertigter Fingerring in bester Juwelierqualität mit sehr schönem ovalen blauen Zirkonia 6x8mm, flankiert von 2 kleinen weißen Zirkonias;Ring, Zirkonia, vergoldet 3 Micron;ovaler blauer Zirkonia 6x8mm, flankiert von 2 kleinen weißen Zirkonias
30008-56;;toller Fingerring in hochwertiger Doublé-Qualität mit vielen Zirkonia jeweils durch einen kleinen Steg getrennt;Ring, Zirkonia, vergoldet 3 Micron; 
30008-58;;toller Fingerring in hochwertiger Doublé-Qualität mit vielen Zirkonia jeweils durch einen kleinen Steg getrennt;Ring, Zirkonia, vergoldet 3 Micron; 
30008-60;;toller XXL Fingerring in hochwertiger Doublé-Qualität mit vielen Zirkonia jeweils durch einen kleinen Steg etrennt;Ring, Zirkonia, vergoldet 3 Micron; 
30008-62;;toller Fingerring in hochwertiger Doublé-Qualität mit vielen Zirkonia jeweils durch einen kleinen Steg getrennt;Ring, Zirkonia, vergoldet 3 Micron; 
30008-64;;toller Fingerring in hochwertiger Doublé-Qualität mit vielen Zirkonia jeweils durch einen kleinen Steg getrennt;Ring, Zirkonia, vergoldet 3 Micron; 
30008-66;;toller Fingerring in hochwertiger Doublé-Qualität mit vielen Zirkonia jeweils durch einen kleinen Steg getrennt;Ring, Zirkonia, vergoldet 3 Micron; 
30009-56;;;Ring, Zirkonia, vergoldet 3 Micron;violetter Zirkonia rund 5,6mm, je 6 kleine weiße Zirkonias beidseitig auf der Ringschiene, kombinierbar mit Ring 30010
30009-58;;;Ring, Zirkonia, vergoldet 3 Micron;violetter Zirkonia rund 5,6mm, je 6 kleine weiße Zirkonias beidseitig auf der Ringschiene, kombinierbar mit Ring 30010
30009-60;;;Ring, Zirkonia, vergoldet 3 Micron;violetter Zirkonia rund 5,6mm, je 6 kleine weiße Zirkonias beidseitig auf der Ringschiene, kombinierbar mit Ring 30010
30009-62;;;Ring, Zirkonia, vergoldet 3 Micron;violetter Zirkonia rund 5,6mm, je 6 kleine weiße Zirkonias beidseitig auf der Ringschiene, kombinierbar mit Ring 30010
30009-64;;;Ring, Zirkonia, vergoldet 3 Micron;violetter Zirkonia rund 5,6mm, je 6 kleine weiße Zirkonias beidseitig auf der Ringschiene, kombinierbar mit Ring 30010
30009-66;;;Ring, Zirkonia, vergoldet 3 Micron;violetter Zirkonia rund 5,6mm, je 6 kleine weiße Zirkonias beidseitig auf der Ringschiene, kombinierbar mit Ring 30010
30010-56;;;Ring, Zirkonia, vergoldet 3 Micron;schmaler Ring mit 15 kleinen Zirkonias, kombinierbar mit Ring 30009
30010-58;;;Ring, Zirkonia, vergoldet 3 Micron;schmaler Ring mit 15 kleinen Zirkonias, kombinierbar mit Ring 30009
30010-60;;;Ring, Zirkonia, vergoldet 3 Micron;schmaler Ring mit 15 kleinen Zirkonias, kombinierbar mit Ring 30009
30010-62;;;Ring, Zirkonia, vergoldet 3 Micron;schmaler Ring mit 15 kleinen Zirkonias, kombinierbar mit Ring 30009
30010-64;;;Ring, Zirkonia, vergoldet 3 Micron;schmaler Ring mit 15 kleinen Zirkonias, kombinierbar mit Ring 30009
30010-66;;;Ring, Zirkonia, vergoldet 3 Micron;schmaler Ring mit 15 kleinen Zirkonias, kombinierbar mit Ring 30009
30011-56;;;Ring, Zirkonia, vergoldet 3 Micron;Zirkonia 7mm in Kronenfassung, beidseitig Zirkonias auf vorderer Ringschiene
30011-58;;;Ring, Zirkonia, vergoldet 3 Micron;Zirkonia 7mm in Kronenfassung, beidseitig Zirkonias auf vorderer Ringschiene
30011-60;;;Ring, Zirkonia, vergoldet 3 Micron;Zirkonia 7mm in Kronenfassung, beidseitig Zirkonias auf vorderer Ringschiene
30011-62;;;Ring, Zirkonia, vergoldet 3 Micron;Zirkonia 7mm in Kronenfassung, beidseitig Zirkonias auf vorderer Ringschiene
30011-64;;;Ring, Zirkonia, vergoldet 3 Micron;Zirkonia 7mm in Kronenfassung, beidseitig Zirkonias auf vorderer Ringschiene
30011-66;;;Ring, Zirkonia, vergoldet 3 Micron;Zirkonia 7mm in Kronenfassung, beidseitig Zirkonias auf vorderer Ringschiene
30012-56;;;Ring, Zirkonia, vergoldet 3 Micron;geschwungene Ring-Enden, fest verbunden,  auf der einen Seite mit runden Zirkonias verziert, auf der anderen mit trapezförmigen Zirkonias, kombinierbar mit Ring 30011
30012-58;;;Ring, Zirkonia, vergoldet 3 Micron;geschwungene Ring-Enden, fest verbunden,  auf der einen Seite mit runden Zirkonias verziert, auf der anderen mit trapezförmigen Zirkonias, kombinierbar mit Ring 30011
30012-60;;;Ring, Zirkonia, vergoldet 3 Micron;geschwungene Ring-Enden, fest verbunden,  auf der einen Seite mit runden Zirkonias verziert, auf der anderen mit trapezförmigen Zirkonias, kombinierbar mit Ring 30011
30012-62;;;Ring, Zirkonia, vergoldet 3 Micron;geschwungene Ring-Enden, fest verbunden,  auf der einen Seite mit runden Zirkonias verziert, auf der anderen mit trapezförmigen Zirkonias, kombinierbar mit Ring 30011
30012-64;;;Ring, Zirkonia, vergoldet 3 Micron;geschwungene Ring-Enden, fest verbunden,  auf der einen Seite mit runden Zirkonias verziert, auf der anderen mit trapezförmigen Zirkonias, kombinierbar mit Ring 30011
30012-66;;;Ring, Zirkonia, vergoldet 3 Micron;geschwungene Ring-Enden, fest verbunden,  auf der einen Seite mit runden Zirkonias verziert, auf der anderen mit trapezförmigen Zirkonias, kombinierbar mit Ring 30011
30013-56;;;Ring, Zirkonia, vergoldet 3 Micron;großer Zirkonia 7mm weiß, beidseitig je 2 längliche Zirkonias, kombinierbar mit Ring 30014
30013-58;;;Ring, Zirkonia, vergoldet 3 Micron;großer Zirkonia 7mm weiß, beidseitig je 2 längliche Zirkonias, kombinierbar mit Ring 30014
30013-60;;;Ring, Zirkonia, vergoldet 3 Micron;großer Zirkonia 7mm weiß, beidseitig je 2 längliche Zirkonias, kombinierbar mit Ring 30014
30013-62;;;Ring, Zirkonia, vergoldet 3 Micron;großer Zirkonia 7mm weiß, beidseitig je 2 längliche Zirkonias, kombinierbar mit Ring 30014
30013-64;;;Ring, Zirkonia, vergoldet 3 Micron;großer Zirkonia 7mm weiß, beidseitig je 2 längliche Zirkonias, kombinierbar mit Ring 30014
30013-66;;;Ring, Zirkonia, vergoldet 3 Micron;großer Zirkonia 7mm weiß, beidseitig je 2 längliche Zirkonias, kombinierbar mit Ring 30014
30014-56;;;Ring, Zirkonia, vergoldet 3 Micron;schmaler Ring mit 5 länglichen Zirkonias, kombinierbar mit Ring 30013
30014-58;;;Ring, Zirkonia, vergoldet 3 Micron;schmaler Ring mit 5 länglichen Zirkonias, kombinierbar mit Ring 30013
30014-60;;;Ring, Zirkonia, vergoldet 3 Micron;schmaler Ring mit 5 länglichen Zirkonias, kombinierbar mit Ring 30013
30014-62;;;Ring, Zirkonia, vergoldet 3 Micron;schmaler Ring mit 5 länglichen Zirkonias, kombinierbar mit Ring 30013
30014-64;;;Ring, Zirkonia, vergoldet 3 Micron;schmaler Ring mit 5 länglichen Zirkonias, kombinierbar mit Ring 30013
30014-66;;;Ring, Zirkonia, vergoldet 3 Micron;schmaler Ring mit 5 länglichen Zirkonias, kombinierbar mit Ring 30013
30015-58;;;Ring, Zirkonia, vergoldet 3 Micron;mit einem großen Zirkonia 12x6mm und mit vielen kleinen Zirkonias besetzt, kombinierbar mit Ring 30016
30015-60;;;Ring, Zirkonia, vergoldet 3 Micron;mit einem großen Zirkonia 12x6mm und mit vielen kleinen Zirkonias besetzt, kombinierbar mit Ring 30016
30015-62;;;Ring, Zirkonia, vergoldet 3 Micron;mit einem großen Zirkonia 12x6mm und mit vielen kleinen Zirkonias besetzt, kombinierbar mit Ring 30016
30015-64;;;Ring, Zirkonia, vergoldet 3 Micron;mit einem großen Zirkonia 12x6mm und mit vielen kleinen Zirkonias besetzt, kombinierbar mit Ring 30016
30015-66;;;Ring, Zirkonia, vergoldet 3 Micron;mit einem großen Zirkonia 12x6mm und mit vielen kleinen Zirkonias besetzt, kombinierbar mit Ring 30016
30016-58;;;Ring, Zirkonia, vergoldet 3 Micron;schmaler Ring, mit 13 kleinen Zirkonias, kombinierbar mit Ring 30015
30016-60;;;Ring, Zirkonia, vergoldet 3 Micron;schmaler Ring, mit 13 kleinen Zirkonias, kombinierbar mit Ring 30015
30016-62;;;Ring, Zirkonia, vergoldet 3 Micron;schmaler Ring, mit 13 kleinen Zirkonias, kombinierbar mit Ring 30015
30016-64;;;Ring, Zirkonia, vergoldet 3 Micron;schmaler Ring, mit 13 kleinen Zirkonias, kombinierbar mit Ring 30015
30016-66;;;Ring, Zirkonia, vergoldet 3 Micron;schmaler Ring, mit 13 kleinen Zirkonias, kombinierbar mit Ring 30015
30017-56;;;Ring, Zirkonia, vergoldet 3 Micron;mit einem großen Zirkonia 5,7mm in pink und vielen kleinen weißen Zirkonias besetzt, kombinierbar mit Ring 30018
30017-58;;;Ring, Zirkonia, vergoldet 3 Micron;mit einem großen Zirkonia 5,7mm in pink und vielen kleinen weißen Zirkonias besetzt, kombinierbar mit Ring 30018
30017-60;;;Ring, Zirkonia, vergoldet 3 Micron;mit einem großen Zirkonia 5,7mm in pink und vielen kleinen weißen Zirkonias besetzt, kombinierbar mit Ring 30018
30017-62;;;Ring, Zirkonia, vergoldet 3 Micron;mit einem großen Zirkonia 5,7mm in pink und vielen kleinen weißen Zirkonias besetzt, kombinierbar mit Ring 30018
30017-64;;;Ring, Zirkonia, vergoldet 3 Micron;mit einem großen Zirkonia 5,7mm in pink und vielen kleinen weißen Zirkonias besetzt, kombinierbar mit Ring 30018
30017-66;;;Ring, Zirkonia, vergoldet 3 Micron;mit einem großen Zirkonia 5,7mm in pink und vielen kleinen weißen Zirkonias besetzt, kombinierbar mit Ring 30018
30018-56;;;Ring, Zirkonia, vergoldet 3 Micron;schmaler Ring mit vielen Zirkonias, kombinierbar mit Ring 30017
30018-58;;;Ring, Zirkonia, vergoldet 3 Micron;schmaler Ring mit vielen Zirkonias, kombinierbar mit Ring 30017
30018-60;;;Ring, Zirkonia, vergoldet 3 Micron;schmaler Ring mit vielen Zirkonias, kombinierbar mit Ring 30017
30018-62;;;Ring, Zirkonia, vergoldet 3 Micron;schmaler Ring mit vielen Zirkonias, kombinierbar mit Ring 30017
30018-64;;;Ring, Zirkonia, vergoldet 3 Micron;schmaler Ring mit vielen Zirkonias, kombinierbar mit Ring 30017
30018-66;;;Ring, Zirkonia, vergoldet 3 Micron;schmaler Ring mit vielen Zirkonias, kombinierbar mit Ring 30017
30019-62;;Dieser wundervolle XXL Fingerring in hochwertiger Qualität hat einen großen ovalen Zirkonia 28x17mm topas der schwungvoll gefasst wird mit zwei Zirkonia besetzten Bögen.;Ring, Zirkonia, vergoldet 3 Micron;großer ovaler Zirkonia 28x17mm topasfarbig, schwungvoll gefasst mit zwei zirkonia-verzierten Bögen
30019-64;;Dieser wundervolle XXL Fingerring in hochwertiger Qualität hat einen großen ovalen Zirkonia 28x17mm topas der schwungvoll gefasst wird mit zwei Zirkonia besetzten Bögen.;Ring, Zirkonia, vergoldet 3 Micron;großer ovaler Zirkonia 28x17mm topasfarbig, schwungvoll gefasst mit zwei zirkonia-verzierten Bögen
30019-66;;Dieser wundervolle XXL Fingerring in hochwertiger Qualität hat einen großen ovalen Zirkonia 28x17mm topas der schwungvoll gefasst wird mit zwei Zirkonia besetzten Bögen.;Ring, Zirkonia, vergoldet 3 Micron;großer ovaler Zirkonia 28x17mm topasfarbig, schwungvoll gefasst mit zwei zirkonia-verzierten Bögen
30019-68;;Dieser wundervolle XXL Fingerring in hochwertiger Qualität hat einen großen ovalen Zirkonia 28x17mm topas der schwungvoll gefasst wird mit zwei Zirkonia besetzten Bögen.;Ring, Zirkonia, vergoldet 3 Micron;großer ovaler Zirkonia 28x17mm topasfarbig, schwungvoll gefasst mit zwei zirkonia-verzierten Bögen
30020-56;;;Ring, Zirkonia, vergoldet 3 Micron;schmaler Ring mit drei 3 größeren Zirkonias in der Mitte
30020-58;;;Ring, Zirkonia, vergoldet 3 Micron;schmaler Ring mit drei 3 größeren Zirkonias in der Mitte
30020-60;;;Ring, Zirkonia, vergoldet 3 Micron;schmaler Ring mit drei 3 größeren Zirkonias in der Mitte
30020-62;;;Ring, Zirkonia, vergoldet 3 Micron;schmaler Ring mit drei 3 größeren Zirkonias in der Mitte
30020-64;;;Ring, Zirkonia, vergoldet 3 Micron;schmaler Ring mit drei 3 größeren Zirkonias in der Mitte
30020-66;;;Ring, Zirkonia, vergoldet 3 Micron;schmaler Ring mit drei 3 größeren Zirkonias in der Mitte
30021-56;;roter Zirkonia mit vier auslaufenden weißen Zirkonias an jeder Seite;Ring, Zirkonia, vergoldet 3 Micron;roter Zirkonia mit vier auslaufenden weißen Zirkonias an jeder Seite
30021-58;;roter Zirkonia mit vier auslaufenden weißen Zirkonias an jeder Seite;Ring, Zirkonia, vergoldet 3 Micron;roter Zirkonia mit vier auslaufenden weißen Zirkonias an jeder Seite
30021-60;;;Ring, Zirkonia, vergoldet 3 Micron;roter Zirkonia mit vier auslaufenden weißen Zirkonias an jeder Seite
30021-62;;;Ring, Zirkonia, vergoldet 3 Micron;roter Zirkonia mit vier auslaufenden weißen Zirkonias an jeder Seite
30021-64;;;Ring, Zirkonia, vergoldet 3 Micron;roter Zirkonia mit vier auslaufenden weißen Zirkonias an jeder Seite
30021-66;;;Ring, Zirkonia, vergoldet 3 Micron;roter Zirkonia mit vier auslaufenden weißen Zirkonias an jeder Seite
30022-56;;;Ring, Zirkonia, vergoldet 3 Micron;viele quaderförmige Zirkonias in vorderer Ringschiene gefasst
30022-58;;;Ring, Zirkonia, vergoldet 3 Micron;viele quaderförmige Zirkonias in vorderer Ringschiene gefasst
30022-60;;;Ring, Zirkonia, vergoldet 3 Micron;viele quaderförmige Zirkonias in vorderer Ringschiene gefasst
30022-62;;;Ring, Zirkonia, vergoldet 3 Micron;viele quaderförmige Zirkonias in vorderer Ringschiene gefasst
30022-64;;;Ring, Zirkonia, vergoldet 3 Micron;viele quaderförmige Zirkonias in vorderer Ringschiene gefasst
30022-66;;;Ring, Zirkonia, vergoldet 3 Micron;viele quaderförmige Zirkonias in vorderer Ringschiene gefasst
30023-56;;;Ring, Zirkonia, vergoldet 3 Micron;schmaler Ring mit drei 3 größeren Zirkonias in der Mitte
30023-58;;;Ring, Zirkonia, vergoldet 3 Micron;schmaler Ring mit drei 3 größeren Zirkonias in der Mitte
30023-60;;;Ring, Zirkonia, vergoldet 3 Micron;schmaler Ring mit drei 3 größeren Zirkonias in der Mitte
30023-62;;;Ring, Zirkonia, vergoldet 3 Micron;schmaler Ring mit drei 3 größeren Zirkonias in der Mitte
30023-64;;;Ring, Zirkonia, vergoldet 3 Micron;schmaler Ring mit drei 3 größeren Zirkonias in der Mitte
30023-66;;;Ring, Zirkonia, vergoldet 3 Micron;schmaler Ring mit drei 3 größeren Zirkonias in der Mitte
30024-56;;;Ring, Zirkonia, vergoldet 3 Micron;einzeln gefasster runder Zirkonia 6mm
30024-58;;;Ring, Zirkonia, vergoldet 3 Micron;einzeln gefasster runder Zirkonia 6mm
30024-60;;;Ring, Zirkonia, vergoldet 3 Micron;einzeln gefasster runder Zirkonia 6mm
30024-62;;;Ring, Zirkonia, vergoldet 3 Micron;einzeln gefasster runder Zirkonia 6mm
30024-64;;;Ring, Zirkonia, vergoldet 3 Micron;einzeln gefasster runder Zirkonia 6mm
30024-66;;;Ring, Zirkonia, vergoldet 3 Micron;einzeln gefasster runder Zirkonia 6mm
30025-56;;;Ring, Zirkonia, vergoldet 3 Micron;rund gefasster Zirkonia 5mm
30025-58;;;Ring, Zirkonia, vergoldet 3 Micron;rund gefasster Zirkonia 5mm
30025-60;;;Ring, Zirkonia, vergoldet 3 Micron;rund gefasster Zirkonia 5mm
30025-62;;;Ring, Zirkonia, vergoldet 3 Micron;rund gefasster Zirkonia 5mm
30025-64;;;Ring, Zirkonia, vergoldet 3 Micron;rund gefasster Zirkonia 5mm
30025-66;;;Ring, Zirkonia, vergoldet 3 Micron;rund gefasster Zirkonia 5mm
30026-54;;;Ring, Zirkonia, vergoldet 3 Micron;quadratischer Zirkonia 6mm
30026-56;;;Ring, Zirkonia, vergoldet 3 Micron;quadratischer Zirkonia 6mm
30026-58;;;Ring, Zirkonia, vergoldet 3 Micron;quadratischer Zirkonia 6mm
30026-60;;;Ring, Zirkonia, vergoldet 3 Micron;quadratischer Zirkonia 6mm
30026-62;;;Ring, Zirkonia, vergoldet 3 Micron;quadratischer Zirkonia 6mm
30026-64;;;Ring, Zirkonia, vergoldet 3 Micron;quadratischer Zirkonia 6mm
30026-66;;;Ring, Zirkonia, vergoldet 3 Micron;quadratischer Zirkonia 6mm
30027-54;;;Ring, Zirkonia, vergoldet 3 Micron;Zirkonia 4mm, rund
30027-56;;;Ring, Zirkonia, vergoldet 3 Micron;Zirkonia 4mm, rund
30027-58;;;Ring, Zirkonia, vergoldet 3 Micron;Zirkonia 4mm, rund
30027-60;;;Ring, Zirkonia, vergoldet 3 Micron;Zirkonia 4mm, rund
30027-62;;;Ring, Zirkonia, vergoldet 3 Micron;Zirkonia 4mm, rund
30027-64;;;Ring, Zirkonia, vergoldet 3 Micron;Zirkonia 4mm, rund
30027-66;;;Ring, Zirkonia, vergoldet 3 Micron;Zirkonia 4mm, rund
30028-56;;;Ring, Zirkonia, vergoldet 3 Micron;runder Zirkonia 3,7mm mit je 3 kleineren Zirkonias an beiden Seiten
30028-58;;;Ring, Zirkonia, vergoldet 3 Micron;runder Zirkonia 3,7mm mit je 3 kleineren Zirkonias an beiden Seiten
30028-60;;;Ring, Zirkonia, vergoldet 3 Micron;runder Zirkonia 3,7mm mit je 3 kleineren Zirkonias an beiden Seiten
30028-62;;;Ring, Zirkonia, vergoldet 3 Micron;runder Zirkonia 3,7mm mit je 3 kleineren Zirkonias an beiden Seiten
30028-64;;;Ring, Zirkonia, vergoldet 3 Micron;runder Zirkonia 3,7mm mit je 3 kleineren Zirkonias an beiden Seiten
30028-66;;;Ring, Zirkonia, vergoldet 3 Micron;runder Zirkonia 3,7mm mit je 3 kleineren Zirkonias an beiden Seiten
30029;;;Anhänger Davidstern vergoldet 3 Micron;Hexagramm-Symbol, Schild Davids, glänzend
30030;;;Anhänger, Kugel, vergoldet 3 Micron;rundum mit Zirkonias besetzt, Durchlaufperle mit 4mm Öffnung
30031;;;Anhänger Notenschlüssel vergoldet;3 Micron vergoldet
30032;;;Anhänger Herz vergoldet 3 Micron;großes Herz mit vielen Zirkonias besetzt
30033;;;Anhänger Kreuz Zirkonia vergoldet;3 Micron vergoldet
30034;;;Anhänger Doppelherz vergoldet 3 Micron;3 Mikron vergoldet
30035;;;Anhänger, Perle, vergoldet 3 Micron;synthetische Perle 10mm mit filigraner Öse
30036;;;Anhänger Davidstern, vergoldet 3 Micron;teilweise mit Zirkonia besetzt
30037;;;Anhänger, Hand... vergoldet 3 Micron;Motiv: -Hand der Fatma-
30038;;;Anhänger, Herz, vergoldet 3 Micron;mit Zirkonias und Schriftzug -LOVE-
30039;;;Anhänger, Elfe, vergoldet 3 Micron;großer Anhänger, stilisierter Engel oder Elfe
30040;;;Anhänger Kreuz Jesus vergoldet 3 Micron;-
30041;;;Anhänger, Herz, vergoldet 3 Micron;mit vielen Zirkonias
30042;;;Anhänger Zirkonia vergoldet 3 Micron;Zirkonia-grün
30043;;;Anhänger Zirkonia vergoldet 3 Micron;großer viereckiger Zirkonia 34mm topas, gefasst von 3 schwungvollen mit Zirkonia besetzten Bögen
30044;;;Anhänger Zirkonia, vergoldet 3 Micron;ovaler dunkel-blauer Zirkonia, mit 3 kleineren Zirkonias verziert
30045;;;Anhänger Perle, vergoldet 3 Micron;synthetische Perle mit einem weißem Zirkonia verziert
30046;;;Anhänger Zirkonias vergoldet 3 Micron;-
30047;;;Anhänger Zirkonia-rot vergoldet 3 Micron;-
30048;;;Anhänger Zirkonia vergoldet 3 Micron;Zirkonia dunkel-blau
30049;;;Anhänger Zirkonia vergoldet 3 Micron;ovaler dunkel-roter Zirkonia, mit 3 kleineren Zirkonias verziert
30050;;;Anhänger Zirkonia vergoldet 3 Micron;-
30051;;;Anhänger Zirkonia vergoldet 3 Micron;Kreuz mit vielen Zirkonias besetzt
30052;;;Anhänger, Pinguin, vergoldet 3 Micron;Pinguin mit schwarzen Zirkonias
30053;;;Anhänger Zirkonia-rot vergoldet 3 Micron;großer viereckiger Zirkonia rubinrot, eingefasst von 3 weiteren Zirkonias
30054;;;Anhänger kleine Elfe vergoldet 3 Micron;mit Zirkonias in den Flügeln
30055;;;Anhänger Perle vergoldet 3 Micron;synthetische Perle
30056-54;;;Ring, Zirkonia, gold-plattiert 3 Micron;rund gefasster Zirkonia 5mm
30056-56;;;Ring, Zirkonia, gold-plattiert 3 Micron;rund gefasster Zirkonia 5mm
30056-58;;;Ring, Zirkonia, gold-plattiert 3 Micron;rund gefasster Zirkonia 5mm
30056-60;;;Ring, Zirkonia, gold-plattiert 3 Micron;rund gefasster Zirkonia 5mm
30056-62;;;Ring, Zirkonia, gold-plattiert 3 Micron;rund gefasster Zirkonia 5mm
30057-56;;;Ring, Zirkonia, gold-plattiert 3 Micron;rund gefasster Zirkonia 6mm
30057-58;;;Ring, Zirkonia, gold-plattiert 3 Micron;rund gefasster Zirkonia 6mm
30057-60;;;Ring, Zirkonia, gold-plattiert 3 Micron;rund gefasster Zirkonia 6mm
30057-62;;;Ring, Zirkonia, gold-plattiert 3 Micron;rund gefasster Zirkonia 6mm
30057-68;;;Ring, Zirkonia, gold-plattiert 3 Micron;rund gefasster Zirkonia 6mm
30058-56;;;Ring, Zirkonia, gold-plattiert 3 Micron;durchgehende Ringschiene, Zirkonia gefasst 4mm
30058-58;;;Ring, Zirkonia, gold-plattiert 3 Micron;durchgehende Ringschiene, Zirkonia gefasst 4mm
30058-60;;;Ring, Zirkonia, gold-plattiert 3 Micron;durchgehende Ringschiene, Zirkonia gefasst 4mm
30058-62;;;Ring, Zirkonia, gold-plattiert 3 Micron;durchgehende Ringschiene, Zirkonia gefasst 4mm
30058-64;;;Ring, Zirkonia, gold-plattiert 3 Micron;durchgehende Ringschiene, Zirkonia gefasst 4mm
30059-56;;;Ring, Zirkonias, gold-plattiert 3 Micron;vielen kleine Zirkonias, Schlaufe
30059-58;;;Ring, Zirkonias, gold-plattiert 3 Micron;vielen kleine Zirkonias, Schlaufe
30059-60;;;Ring, Zirkonias, gold-plattiert 3 Micron;vielen kleine Zirkonias, Schlaufe
30059-62;;;Ring, Zirkonias, gold-plattiert 3 Micron;vielen kleine Zirkonias, Schlaufe
30060-56;;;Ring, Zirkonia, gold-plattiert 3 Micron;ein blauer Zirkonia 5x7mm in der Mitte, rechts und links davon je 4 weiße Zirkonias in Blütenform und je 3 kleine blaue Zirkonias auf der Ringschiene
30060-58;;;Ring, Zirkonia, gold-plattiert 3 Micron;ein blauer Zirkonia 5x7mm in der Mitte, rechts und links davon je 4 weiße Zirkonias in Blütenform und je 3 kleine blaue Zirkonias auf der Ringschiene
30060-60;;;Ring, Zirkonia, gold-plattiert 3 Micron;ein blauer Zirkonia 5x7mm in der Mitte, rechts und links davon je 4 weiße Zirkonias in Blütenform und je 3 kleine blaue Zirkonias auf der Ringschiene
30060-62;;;Ring, Zirkonia, gold-plattiert 3 Micron;ein blauer Zirkonia 5x7mm in der Mitte, rechts und links davon je 4 weiße Zirkonias in Blütenform und je 3 kleine blaue Zirkonias auf der Ringschiene
30060-64;;;Ring, Zirkonia, gold-plattiert 3 Micron;ein blauer Zirkonia 5x7mm in der Mitte, rechts und links davon je 4 weiße Zirkonias in Blütenform und je 3 kleine blaue Zirkonias auf der Ringschiene
30060-66;;;Ring, Zirkonia, gold-plattiert 3 Micron;ein blauer Zirkonia 5x7mm in der Mitte, rechts und links davon je 4 weiße Zirkonias in Blütenform und je 3 kleine blaue Zirkonias auf der Ringschiene
30061-56;;;Ring, Zirkonia, gold-plattiert 3 Micron;großer Zirkonia 8x6mm, topasfarben mit je 5 kleinen weißen Zirkonias an jeder Seite, 2 Halbbögen vergrößern optisch den Ring
30061-58;;;Ring, Zirkonia, gold-plattiert 3 Micron;großer Zirkonia 8x6mm, topasfarben mit je 5 kleinen weißen Zirkonias an jeder Seite, 2 Halbbögen vergrößern optisch den Ring
30061-60;;;Ring, Zirkonia, gold-plattiert 3 Micron;großer Zirkonia 8x6mm, topasfarben mit je 5 kleinen weißen Zirkonias an jeder Seite, 2 Halbbögen vergrößern optisch den Ring
30061-62;;;Ring, Zirkonia, gold-plattiert 3 Micron;großer Zirkonia 8x6mm, topasfarben mit je 5 kleinen weißen Zirkonias an jeder Seite, 2 Halbbögen vergrößern optisch den Ring
30061-64;;;Ring, Zirkonia, gold-plattiert 3 Micron;großer Zirkonia 8x6mm, topasfarben mit je 5 kleinen weißen Zirkonias an jeder Seite, 2 Halbbögen vergrößern optisch den Ring
30062-56;;;Ring, Zirkonia, gold-plattiert 3 Micron;3 schmale Linien mit weißen Zirkonias
30062-58;;;Ring, Zirkonia, gold-plattiert 3 Micron;3 schmale Linien mit weißen Zirkonias
30062-62;;;Ring, Zirkonia, gold-plattiert 3 Micron;3 schmale Linien mit weißen Zirkonias
30062-64;;;Ring, Zirkonia, gold-plattiert 3 Micron;3 schmale Linien mit weißen Zirkonias
30063-56;;;Ring, Zirkonia, gold-plattiert 3 Micron;großer Blumenring, stilisierte Blüte, komplett mit kleinen Zirkonias besetzt
30063-58;;;Ring, Zirkonia, gold-plattiert 3 Micron;großer Blumenring, stilisierte Blüte, komplett mit kleinen Zirkonias besetzt
30063-60;;;Ring, Zirkonia, gold-plattiert 3 Micron;großer Blumenring, stilisierte Blüte, komplett mit kleinen Zirkonias besetzt
30063-62;;;Ring, Zirkonia, gold-plattiert 3 Micron;großer Blumenring, stilisierte Blüte, komplett mit kleinen Zirkonias besetzt
30063-64;;;Ring, Zirkonia, gold-plattiert 3 Micron;großer Blumenring, stilisierte Blüte, komplett mit kleinen Zirkonias besetzt
30064-56;;;Ring, Zirkonia, gold-plattiert 3 Micron;großer ovaler Zirkonia 8x6mm, violett mit je 5 kleinen weißen Zirkonias an jeder Seite
30064-58;;;Ring, Zirkonia, gold-plattiert 3 Micron;großer ovaler Zirkonia 8x6mm, violett mit je 5 kleinen weißen Zirkonias an jeder Seite
30064-60;;;Ring, Zirkonia, gold-plattiert 3 Micron;großer ovaler Zirkonia 8x6mm, violett mit je 5 kleinen weißen Zirkonias an jeder Seite
30064-62;;;Ring, Zirkonia, gold-plattiert 3 Micron;
30064-64;;;Ring, Zirkonia, gold-plattiert 3 Micron;großer ovaler Zirkonia 8x6mm, violett mit je 5 kleinen weißen Zirkonias an jeder Seite
30065-58;;;Ring mit Onyx gold-plattiert 3 Micron;Herren-Siegelring
30065-60;;;Ring mit Onyx gold-plattiert 3 Micron;Herren-Siegelring
30065-62;;;Ring mit Onyx gold-plattiert 3 Micron;Herren-Siegelring
30065-64;;;Ring mit Onyx gold-plattiert 3 Micron;Herren-Siegelring
30065-66;;;Ring mit Onyx gold-plattiert 3 Micron;Herren-Siegelring
30065-68;;;Ring mit Onyx gold-plattiert 3 Micron;Herren-Siegelring
30065-70;;;Ring mit Onyx gold-plattiert 3 Micron;Herren-Siegelring
30066-58;;;Ring, Zirkonia, gold-plattiert 3 Micron;großer ovaler Zirkonia 28x17mm granatrot gefärbt, schwungvoll gefasst mit zwei zirkonia-verzierten Bögen
30066-60;;;Ring, Zirkonia, gold-plattiert 3 Micron;großer ovaler Zirkonia 28x17mm granatrot gefärbt, schwungvoll gefasst mit zwei zirkonia-verzierten Bögen
30066-62;;;Ring, Zirkonia, gold-plattiert 3 Micron;großer ovaler Zirkonia 28x17mm granatrot gefärbt, schwungvoll gefasst mit zwei zirkonia-verzierten Bögen
30066-64;;;Ring, Zirkonia, gold-plattiert 3 Micron;großer ovaler Zirkonia 28x17mm granatrot gefärbt, schwungvoll gefasst mit zwei zirkonia-verzierten Bögen
30067-56;;;Ring, Zirkonia, gold-plattiert 3 Micron;Zirkonia 7mm, an den Seiten je ein kleiner Zirkonia
30067-58;;;Ring, Zirkonia, gold-plattiert 3 Micron;Zirkonia 7mm, an den Seiten je ein kleiner Zirkonia
30067-60;;;Ring, Zirkonia, gold-plattiert 3 Micron;Zirkonia 7mm, an den Seiten je ein kleiner Zirkonia
30067-62;;;Ring, Zirkonia, gold-plattiert 3 Micron;Zirkonia 7mm, an den Seiten je ein kleiner Zirkonia
30068-56;;;Ring Lapislazuli gold-plattiert 3 Micron;Naturstein Lapislazuli 8x6mm, matt mit Einschlüssen und Kerben, umrahmt von 12 kleinen ovalen Zirkonias weiß
30068-58;;;Ring Lapislazuli gold-plattiert 3 Micron;Naturstein Lapislazuli 8x6mm, matt mit Einschlüssen und Kerben, umrahmt von 12 kleinen ovalen Zirkonias weiß
30068-60;;;Ring Lapislazuli gold-plattiert 3 Micron;Naturstein Lapislazuli 8x6mm, matt mit Einschlüssen und Kerben, umrahmt von 12 kleinen ovalen Zirkonias weiß
30068-62;;;Ring Lapislazuli gold-plattiert 3 Micron;Naturstein Lapislazuli 8x6mm, matt mit Einschlüssen und Kerben, umrahmt von 12 kleinen ovalen Zirkonias weiß
30068-64;;;Ring Lapislazuli gold-plattiert 3 Micron;Naturstein Lapislazuli 8x6mm, matt mit Einschlüssen und Kerben, umrahmt von 12 kleinen ovalen Zirkonias weiß
30069-56;;;Ring, Zirkonia, gold-plattiert 3 Micron;Blütenform, großer runder Zirkonia 5mm umrandet von vielen kleinen Zirkonias
30069-58;;;Ring, Zirkonia, gold-plattiert 3 Micron;Blütenform, großer runder Zirkonia 5mm umrandet von vielen kleinen Zirkonias
30069-60;;;Ring, Zirkonia, gold-plattiert 3 Micron;Blütenform, großer runder Zirkonia 5mm umrandet von vielen kleinen Zirkonias
30069-62;;;Ring, Zirkonia, gold-plattiert 3 Micron;Blütenform, großer runder Zirkonia 5mm umrandet von vielen kleinen Zirkonias
30069-64;;;Ring, Zirkonia, gold-plattiert 3 Micron;Blütenform, großer runder Zirkonia 5mm umrandet von vielen kleinen Zirkonias
30070-54;;;Ring, glänzend, gold-plattiert 3 Micron;-
30070-56;;;Ring, glänzend, gold-plattiert 3 Micron;-
30070-58;;;Ring, glänzend, gold-plattiert 3 Micron;-
30070-60;;;Ring, glänzend, gold-plattiert 3 Micron;-
30071-54;;;Ring, glänzend, gold-plattiert 3 Micron;-
30071-56;;;Ring, glänzend, gold-plattiert 3 Micron;-
30071-58;;;Ring, glänzend, gold-plattiert 3 Micron;-
30071-60;;;Ring, glänzend, gold-plattiert 3 Micron;-
30071-62;;;Ring, glänzend, gold-plattiert 3 Micron;-
30071-64;;;Ring, glänzend, gold-plattiert 3 Micron;-
30071-66;;;Ring, glänzend, gold-plattiert 3 Micron;-
30074-60;;;Ring, gold-plattiert;3 Streifen breit
30074-64;;;Ring, gold-plattiert;3 Streifen breit
30081-62;;;Ring, gr.Onyx, gold-plattiert;Onyx
30081-64;;;Ring, gr.Onyx, gold-plattiert;Onyx
30081-66;;;Ring, gr.Onyx, gold-plattiert;Onyx
30081-68;;;Ring, gr.Onyx, gold-plattiert;Onyx
30085-58;;;Ring, kl. Zirkonia, gold-plattiert;Dreieck, Zirkonia
30085-60;;;Ring, kl. Zirkonia, gold-plattiert;Dreieck, Zirkonia
30085-62;;;Ring, kl. Zirkonia, gold-plattiert;Dreieck, Zirkonia
30085-64;;;Ring, kl. Zirkonia, gold-plattiert;Dreieck, Zirkonia
30085-66;;;Ring, kl. Zirkonia, gold-plattiert;Dreieck, Zirkonia
30097-68;;;Ring, mit Delfin, gold-plattiert;-
30098-50;;;Ring, Elefant, gold-plattiert;-
30098-54;;;Ring, Elefant, gold-plattiert;-
30104-62;;;Ring, Waben-Muster, gold-plattiert;-
30104-64;;;Ring, Waben-Muster, gold-plattiert;-
30104-66;;;Ring, Waben-Muster, gold-plattiert;-
30106-62;;;Ring, Siegelring-Onyx, gold-plattiert;Onyx
30106-64;;;Ring, Siegelring-Onyx, gold-plattiert;Onyx
30106-68;;;Ring, Siegelring-Onyx, gold-plattiert;Onyx
30106-70;;;Ring, Siegelring-Onyx, gold-plattiert;Onyx
30126-52;;;Ring, glzd, mit Rand;-
30126-54;;;Ring, glzd, mit Rand;-
30149-54;;;Ring, durchbrochen, gold-plattiert;-
30149-70;;;Ring, durchbrochen, gold-plattiert;-
30151-54;;;Ring, 7, Siegelring diam;Herrenring mit Strahlenmuster, diamantiert
30151-56;;;Ring, 7, Siegelring diam;Herrenring mit Strahlenmuster, diamantiert
30151-70;;;Ring, 7, Siegelring diam;Herrenring mit Strahlenmuster, diamantiert
30159-68;;;Ring, langer Streifen, bicolor;-
30159-70;;;Ring, langer Streifen, bicolor;-
30159-72;;;Ring, langer Streifen, bicolor;-
30163-68;;;Ring, 4, bicolor glzd;-
30163-70;;;Ring, 4, bicolor glzd;-
30163-74;;;Ring, 4, bicolor glzd;-
30171-58;;;Ring, gold-plattiert rhodiniert;2-teiliger Ring, oberer Teil rhodiniert, sandmatt und beweglich, diamantiert, hohe Qualität durch 3 GOLD-Schichten, gold-plattiert
30171-62;;;Ring, gold-plattiert rhodiniert;2-teiliger Ring, oberer Teil rhodiniert, sandmatt und beweglich, diamantiert, hohe Qualität durch 3 GOLD-Schichten, gold-plattiert
30174-56;;;Ring, 5mm gold-plattiert sandmatt;Freundschaftsring, mattiert-diamantiert, hohe Qualität durch 3 GOLD-Schichten, gold-plattiert
30174-60;;;Ring, 5mm gold-plattiert sandmatt;Freundschaftsring, mattiert-diamantiert, hohe Qualität durch 3 GOLD-Schichten, gold-plattiert
30174-64;;;Ring, 5mm gold-plattiert sandmatt;Freundschaftsring, mattiert-diamantiert, hohe Qualität durch 3 GOLD-Schichten, gold-plattiert
30175-54;;;Ring, 5mm gold-plattiert sandmatt;Freundschaftsring, mattiert-diamantiert, hohe Qualität durch 3 GOLD-Schichten, gold-plattiert
30175-56;;;Ring, 5mm gold-plattiert sandmatt;Freundschaftsring, mattiert-diamantiert, hohe Qualität durch 3 GOLD-Schichten, gold-plattiert
30175-60;;;Ring, 5mm gold-plattiert sandmatt;Freundschaftsring, mattiert-diamantiert, hohe Qualität durch 3 GOLD-Schichten, gold-plattiert
30175-68;;;Ring, 5mm gold-plattiert sandmatt;Freundschaftsring, mattiert-diamantiert, hohe Qualität durch 3 GOLD-Schichten, gold-plattiert
30176-54;;;Ring, 5mm gold-plattiert matt-glzd;Freundschaftsring, mattiert-diamantiert, hohe Qualität durch 3 GOLD-Schichten, gold-plattiert
30176-56;;;Ring, 5mm gold-plattiert matt-glzd;Freundschaftsring, mattiert-diamantiert, hohe Qualität durch 3 GOLD-Schichten, gold-plattiert
30176-58;;;Ring, 5mm gold-plattiert matt-glzd;Freundschaftsring, mattiert-diamantiert, hohe Qualität durch 3 GOLD-Schichten, gold-plattiert
30176-60;;;Ring, 5mm gold-plattiert matt-glzd;Freundschaftsring, mattiert-diamantiert, hohe Qualität durch 3 GOLD-Schichten, gold-plattiert
30176-62;;;Ring, 5mm gold-plattiert matt-glzd;Freundschaftsring, mattiert-diamantiert, hohe Qualität durch 3 GOLD-Schichten, gold-plattiert
30176-64;;;Ring, 5mm gold-plattiert matt-glzd;Freundschaftsring, mattiert-diamantiert, hohe Qualität durch 3 GOLD-Schichten, gold-plattiert
30176-66;;;Ring, 5mm gold-plattiert matt-glzd;Freundschaftsring, mattiert-diamantiert, hohe Qualität durch 3 GOLD-Schichten, gold-plattiert
30176-68;;;Ring, 5mm gold-plattiert matt-glzd;Freundschaftsring, mattiert-diamantiert, hohe Qualität durch 3 GOLD-Schichten, gold-plattiert
30177-54;;;Ring, 6mm, gold-plattiert;Freundschaftsring, hohe Qualität durch 3 GOLD-Schichten, gold-plattiert
30177-56;;;Ring, 6mm, gold-plattiert;Freundschaftsring, hohe Qualität durch 3 GOLD-Schichten, gold-plattiert
30177-58;;;Ring, 6mm, gold-plattiert;Freundschaftsring, hohe Qualität durch 3 GOLD-Schichten, gold-plattiert
30177-60;;;Ring, 6mm, gold-plattiert;Freundschaftsring, hohe Qualität durch 3 GOLD-Schichten, gold-plattiert
30177-62;;;Ring, 6mm, gold-plattiert;Freundschaftsring, hohe Qualität durch 3 GOLD-Schichten, gold-plattiert
30177-64;;;Ring, 6mm, gold-plattiert;Freundschaftsring, hohe Qualität durch 3 GOLD-Schichten, gold-plattiert
30177-66;;;Ring, 6mm, gold-plattiert;Freundschaftsring, hohe Qualität durch 3 GOLD-Schichten, gold-plattiert
30178-54;;;Ring, 6mm gold-plattiert;Freundschaftsring, hohe Qualität durch 3 GOLD-Schichten, gold-plattiert
30178-56;;;Ring, 6mm gold-plattiert;Freundschaftsring, hohe Qualität durch 3 GOLD-Schichten, gold-plattiert
30178-60;;;Ring, 6mm gold-plattiert;Freundschaftsring, hohe Qualität durch 3 GOLD-Schichten, gold-plattiert
30178-62;;;Ring, 6mm gold-plattiert;Freundschaftsring, hohe Qualität durch 3 GOLD-Schichten, gold-plattiert
30178-64;;;Ring, 6mm gold-plattiert;Freundschaftsring, hohe Qualität durch 3 GOLD-Schichten, gold-plattiert
30178-66;;;Ring, 6mm gold-plattiert;Freundschaftsring, hohe Qualität durch 3 GOLD-Schichten, gold-plattiert
30178-68;;;Ring, 6mm gold-plattiert;Freundschaftsring, hohe Qualität durch 3 GOLD-Schichten, gold-plattiert
30179-56;;;Ring, gold-plattiert rhodiniert;2-teiliger Ring, oberer Teil rhodiniert und beweglich, quergestreift diamantiert, hohe Qualität durch 3 GOLD-Schichten, gold-plattiert
30179-62;;;Ring, gold-plattiert rhodiniert;2-teiliger Ring, oberer Teil rhodiniert und beweglich, quergestreift diamantiert, hohe Qualität durch 3 GOLD-Schichten, gold-plattiert
30179-64;;;Ring, gold-plattiert rhodiniert;2-teiliger Ring, oberer Teil rhodiniert und beweglich, quergestreift diamantiert, hohe Qualität durch 3 GOLD-Schichten, gold-plattiert
30179-66;;;Ring, gold-plattiert rhodiniert;2-teiliger Ring, oberer Teil rhodiniert und beweglich, quergestreift diamantiert, hohe Qualität durch 3 GOLD-Schichten, gold-plattiert
30181-56;;;Ring, rot-marmor, gold-plattiert;rot-marmor Naturstein, hohe Qualität durch 3 GOLD-Schichten, gold-plattiert
30181-58;;;Ring, rot-marmor, gold-plattiert;rot-marmor Naturstein, hohe Qualität durch 3 GOLD-Schichten, gold-plattiert
30181-60;;;Ring, rot-marmor, gold-plattiert;rot-marmor Naturstein, hohe Qualität durch 3 GOLD-Schichten, gold-plattiert
30181-62;;;Ring, rot-marmor, gold-plattiert;rot-marmor Naturstein, hohe Qualität durch 3 GOLD-Schichten, gold-plattiert
30184-56;;;Ring, gold-plattiert, Zirkonia;hohe Qualität durch 3 GOLD-Schichten, gold-plattiert
30184-58;;hochwertig gefertigter XXL Fingerring in bester Juwelierqualität durch 3 GOLD-Schichten, gold-plattiert;Ring, gold-plattiert, Zirkonia;hohe Qualität durch 3 GOLD-Schichten, gold-plattiert
30184-60;;hochwertig gefertigter XXL Fingerring in bester Juwelierqualität durch 3 GOLD-Schichten, gold-plattiert;Ring, gold-plattiert, Zirkonia;hohe Qualität durch 3 GOLD-Schichten, gold-plattiert
30184-62;;hochwertig gefertigter XXL Fingerring in bester Juwelierqualität durch 3 GOLD-Schichten, gold-plattiert;Ring, gold-plattiert, Zirkonia;hohe Qualität durch 3 GOLD-Schichten, gold-plattiert
30185-56;;;Ring, gold-plattiert, Delfinmuster;Freundschaftsring, hohe Qualität durch 3 GOLD-Schichten, gold-plattiert
30185-60;;;Ring, gold-plattiert, Delfinmuster;Freundschaftsring, hohe Qualität durch 3 GOLD-Schichten, gold-plattiert
30186-54;;;Ring, gold-plattiert, rhodiniert;hohe Qualität durch 3 GOLD-Schichten, gold-plattiert, mit 4 Streifen rhodiniert
30186-60;;;Ring, gold-plattiert, rhodiniert;hohe Qualität durch 3 GOLD-Schichten, gold-plattiert, mit 4 Streifen rhodiniert
30188-54;;;Ring, 3mm gold-plattiert Zirkonia;hohe Qualität durch 3 GOLD-Schichten, gold-plattiert, mit mehreren Zirkonias
30188-62;;;Ring, 3mm gold-plattiert Zirkonia;hohe Qualität durch 3 GOLD-Schichten, gold-plattiert, mit mehreren Zirkonias
30190-56;;hochwertig gefertigter XXL Fingerring in bester Juwelierqualität durch 3 GOLD-Schichten, gold-plattiert, großer viereckiger Zirkonia;Ring, 7mm gold-plattiert Zirkonia;hohe Qualität durch 3 GOLD-Schichten, gold-plattiert, großer viereckiger Zirkonia
30190-58;;hochwertig gefertigter XXL Fingerring in bester Juwelierqualität durch 3 GOLD-Schichten, gold-plattiert, großer viereckiger Zirkonia;Ring, 7mm gold-plattiert Zirkonia;hohe Qualität durch 3 GOLD-Schichten, gold-plattiert, großer viereckiger Zirkonia
30190-60;;hochwertig gefertigter XXL Fingerring in bester Juwelierqualität durch 3 GOLD-Schichten, gold-plattiert, großer viereckiger Zirkonia;Ring, 7mm gold-plattiert Zirkonia;hohe Qualität durch 3 GOLD-Schichten, gold-plattiert, großer viereckiger Zirkonia
30190-62;;hochwertig gefertigter XXL Fingerring in bester Juwelierqualität durch 3 GOLD-Schichten, gold-plattiert, großer viereckiger Zirkonia;Ring, 7mm gold-plattiert Zirkonia;hohe Qualität durch 3 GOLD-Schichten, gold-plattiert, großer viereckiger Zirkonia
30193-56;;;Ring, 10mm gold-plattiert Zirkonia;hohe Qualität durch 3 GOLD-Schichten, gold-plattiert, Zirkonia oval
30193-60;;;Ring, 10mm gold-plattiert Zirkonia;hohe Qualität durch 3 GOLD-Schichten, gold-plattiert, Zirkonia oval
30194-64;;;Ring, 7mm, gold-plattiert;hohe Qualität durch 3 GOLD-Schichten, gold-plattiert
30195-56;;hochwertig gefertigter XXL Fingerring in bester Juwelierqualität durch 3 GOLD-Schichten, gold-plattiert, großes Gitter;Ring, 15mm gold-plattiert Zirkonia;hohe Qualität durch 3 GOLD-Schichten, gold-plattiert, großes Gitter
30195-58;;hochwertig gefertigter XXL Fingerring in bester Juwelierqualitätt durch 3 GOLD-Schichten, gold-plattiert, großes Gitter;Ring, 15mm gold-plattiert Zirkonia;hohe Qualität durch 3 GOLD-Schichten, gold-plattiert, großes Gitter
30195-60;;hochwertig gefertigter XXL Fingerring in bester Juwelierqualität durch 3 GOLD-Schichten, gold-plattiert, großes Gitter;Ring, 15mm gold-plattiert Zirkonia;hohe Qualität durch 3 GOLD-Schichten, gold-plattiert, großes Gitter
30195-62;;hochwertig gefertigter XXL Fingerring in bester Juwelierqualität durch 3 GOLD-Schichten, gold-plattiert, großes Gitter;Ring, 15mm gold-plattiert Zirkonia;hohe Qualität durch 3 GOLD-Schichten, gold-plattiert, großes Gitter
30196-54;;;Ring, 11mm, gold-plattiert;hohe Qualität durch 3 GOLD-Schichten, gold-plattiert, durchbrochen mit kleinen Löchern
30196-56;;;Ring, 11mm, gold-plattiert;hohe Qualität durch 3 GOLD-Schichten, gold-plattiert, durchbrochen mit kleinen Löchern
30196-66;;;Ring, 11mm, gold-plattiert;hohe Qualität durch 3 GOLD-Schichten, gold-plattiert, durchbrochen mit kleinen Löchern
30197-56;;hochwertig gefertigter XXL Fingerring in bester Juwelierqualität durch 3 GOLD-Schichten, gold-plattiert, großer Zirkonia in Tropfenform;Ring, 18mm gold-plattiert Zirkonia;hohe Qualität durch 3 GOLD-Schichten, gold-plattiert, großer Zirkonia in Tropfenform
30197-58;;hochwertig gefertigter XXL Fingerring in bester Juwelierqualität durch 3 GOLD-Schichten, gold-plattiert, großer Zirkonia in Tropfenform;Ring, 18mm gold-plattiert Zirkonia;hohe Qualität durch 3 GOLD-Schichten, gold-plattiert, großer Zirkonia in Tropfenform
30197-60;;hochwertig gefertigter XXL Fingerring in bester Juwelierqualität durch 3 GOLD-Schichten, gold-plattiert, großer Zirkonia in Tropfenform;Ring, 18mm gold-plattiert Zirkonia;hohe Qualität durch 3 GOLD-Schichten, gold-plattiert, großer Zirkonia in Tropfenform
30199-56;;;Ring, blau-marmor gold-plattiert;rot-marmor emailliert, hohe Qualität durch 3 GOLD-Schichten, gold-plattiert
30199-58;;;Ring, blau-marmor gold-plattiert;rot-marmor emailliert, hohe Qualität durch 3 GOLD-Schichten, gold-plattiert
30199-62;;;Ring, blau-marmor gold-plattiert;rot-marmor emailliert, hohe Qualität durch 3 GOLD-Schichten, gold-plattiert
30199-64;;;Ring, blau-marmor gold-plattiert;rot-marmor emailliert, hohe Qualität durch 3 GOLD-Schichten, gold-plattiert
30200-66;;;Ring, gold-plattiert Zirkonia-rot;hohe Qualität durch 3 GOLD-Schichten, gold-plattiert, roter Zirkonia
30200-68;;;Ring, gold-plattiert Zirkonia-rot;hohe Qualität durch 3 GOLD-Schichten, gold-plattiert, roter Zirkonia
30201-54;;;Ring, 4mm gold-plattiert Zirkonia;hohe Qualität durch 3 GOLD-Schichten, gold-plattiert, 8 kleine Zirkonias
30201-56;;;Ring, 4mm gold-plattiert Zirkonia;hohe Qualität durch 3 GOLD-Schichten, gold-plattiert, 8 kleine Zirkonias
30201-58;;;Ring, 4mm gold-plattiert Zirkonia;hohe Qualität durch 3 GOLD-Schichten, gold-plattiert, 8 kleine Zirkonias
30201-60;;;Ring, 4mm gold-plattiert Zirkonia;hohe Qualität durch 3 GOLD-Schichten, gold-plattiert, 8 kleine Zirkonias
30201-62;;;Ring, 4mm gold-plattiert Zirkonia;hohe Qualität durch 3 GOLD-Schichten, gold-plattiert, 8 kleine Zirkonias
30202-54;;;Ring, 18mm, gold-plattiert Zirkonia;hohe Qualität durch 3 GOLD-Schichten, gold-plattiert, 8 kleine Zirkonias
30202-56;;;Ring, 18mm, gold-plattiert Zirkonia;hohe Qualität durch 3 GOLD-Schichten, gold-plattiert, 8 kleine Zirkonias
30202-58;;;Ring, 18mm, gold-plattiert Zirkonia;hohe Qualität durch 3 GOLD-Schichten, gold-plattiert, 8 kleine Zirkonias
30202-60;;;Ring, 18mm, gold-plattiert Zirkonia;hohe Qualität durch 3 GOLD-Schichten, gold-plattiert, 8 kleine Zirkonias
30202-62;;;Ring, 18mm, gold-plattiert Zirkonia;hohe Qualität durch 3 GOLD-Schichten, gold-plattiert, 8 kleine Zirkonias
30204-54;;;Ring 5mm gold-plattiert 4x Zirkonia;hohe Qualität durch 3 GOLD-Schichten, gold-plattiert, 4x Zirkonia
30204-62;;;Ring 5mm gold-plattiert 4x Zirkonia;hohe Qualität durch 3 GOLD-Schichten, gold-plattiert, 4x Zirkonia
30205-56;;hochwertig gefertigter XXL Fingerring in bester Juwelierqualität durch 3 GOLD-Schichten, gold-plattiert, 14mm oval-geschliffener großer Zirkonia;Ring, 14mm gold-plattiert Zirkonia;hohe Qualität durch 3 GOLD-Schichten, gold-plattiert, 14mm oval-geschliffener großer Zirkonia
30205-58;;hochwertig gefertigter XXL Fingerring in bester Juwelierqualität durch 3 GOLD-Schichten, gold-plattiert, 14mm oval-geschliffener großer Zirkonia;Ring, 14mm gold-plattiert Zirkonia;hohe Qualität durch 3 GOLD-Schichten, gold-plattiert, 14mm oval-geschliffener großer Zirkonia
30205-60;;hochwertig gefertigter XXL Fingerring in bester Juwelierqualität durch 3 GOLD-Schichten, gold-plattiert, 14mm oval-geschliffener großer Zirkonia;Ring, 14mm gold-plattiert Zirkonia;hohe Qualität durch 3 GOLD-Schichten, gold-plattiert, 14mm oval-geschliffener großer Zirkonia
30205-62;;hochwertig gefertigter XXL Fingerring in bester Juwelierqualität durch 3 GOLD-Schichten, gold-plattiert, 14mm oval-geschliffener großer Zirkonia;Ring, 14mm gold-plattiert Zirkonia;hohe Qualität durch 3 GOLD-Schichten, gold-plattiert, 14mm oval-geschliffener großer Zirkonia
30205-64;;hochwertig gefertigter XXL Fingerring in bester Juwelierqualität durch 3 GOLD-Schichten, gold-plattiert, 14mm oval-geschliffener großer Zirkonia;Ring, 14mm gold-plattiert Zirkonia;hohe Qualität durch 3 GOLD-Schichten, gold-plattiert, 14mm oval-geschliffener großer Zirkonia
30206-54;;;Ring 6mm gold-plattiert 3x Zirkonia;hohe Qualität durch 3 GOLD-Schichten, gold-plattiert, 3 Zirkonias
30206-56;;;Ring 6mm gold-plattiert 3x Zirkonia;hohe Qualität durch 3 GOLD-Schichten, gold-plattiert, 3 Zirkonias
30206-58;;;Ring 6mm gold-plattiert 3x Zirkonia;hohe Qualität durch 3 GOLD-Schichten, gold-plattiert, 3 Zirkonias
30206-60;;;Ring 6mm gold-plattiert 3x Zirkonia;hohe Qualität durch 3 GOLD-Schichten, gold-plattiert, 3 Zirkonias
30207-54;;;Ring, 7mm gold-plattiert Zirkonia;hohe Qualität durch 3 GOLD-Schichten, gold-plattiert, Zirkonia
30207-56;;;Ring, 7mm gold-plattiert Zirkonia;hohe Qualität durch 3 GOLD-Schichten, gold-plattiert, Zirkonia
30207-58;;;Ring, 7mm gold-plattiert Zirkonia;hohe Qualität durch 3 GOLD-Schichten, gold-plattiert, Zirkonia
30207-60;;;Ring, 7mm gold-plattiert Zirkonia;hohe Qualität durch 3 GOLD-Schichten, gold-plattiert, Zirkonia
30209-60;;;Ring, 7mm, doppelt, gold-plattiert;2-teiliger Ring, eine Hälfte rhodiniert, hohe Qualität durch 3 GOLD-Schichten, gold-plattiert
30209-62;;;Ring, 7mm, doppelt, gold-plattiert;2-teiliger Ring, eine Hälfte rhodiniert, hohe Qualität durch 3 GOLD-Schichten, gold-plattiert
30209-66;;;Ring, 7mm, doppelt, gold-plattiert;2-teiliger Ring, eine Hälfte rhodiniert, hohe Qualität durch 3 GOLD-Schichten, gold-plattiert
30210-56;;;Ring, 11mm gold-plattiert Zirkonia;hohe Qualität durch 3 GOLD-Schichten, gold-plattiert, 10mm quadratischer Zirkonia und mehrere kleine Zirkonias, sehr dekorativ
30210-60;;;Ring, 11mm gold-plattiert Zirkonia;hohe Qualität durch 3 GOLD-Schichten, gold-plattiert, 10mm quadratischer Zirkonia und mehrere kleine Zirkonias, sehr dekorativ
30211-56;;;Ring, farbig, gold-plattiert;Naturstein-Einlage bemalt schwarz-rot-braun, hohe Qualität durch 3 GOLD-Schichten, gold-plattiert
30211-58;;;Ring, farbig, gold-plattiert;Naturstein-Einlage bemalt schwarz-rot-braun, hohe Qualität durch 3 GOLD-Schichten, gold-plattiert
30211-60;;;Ring, farbig, gold-plattiert;Naturstein-Einlage bemalt schwarz-rot-braun, hohe Qualität durch 3 GOLD-Schichten, gold-plattiert
30211-62;;;Ring, farbig, gold-plattiert;Naturstein-Einlage bemalt schwarz-rot-braun, hohe Qualität durch 3 GOLD-Schichten, gold-plattiert
30212-60;;hochwertig gefertigter Fingerring in bester Juwelierqualität durch 3 GOLD-Schichten, gold-plattiert, 2 kleine Zirkonias;Ring, gold-plattiert 2x Zirkonia;hohe Qualität durch 3 GOLD-Schichten, gold-plattiert, 2 kleine Zirkonias
30213-56;;;Ring, 9mm gold-plattiert, gekreuzt;hohe Qualität durch 3 GOLD-Schichten, gold-plattiert, längs-gestreift
30213-58;;;Ring, 9mm gold-plattiert, gekreuzt;hohe Qualität durch 3 GOLD-Schichten, gold-plattiert, längs-gestreift
30213-62;;;Ring, 9mm gold-plattiert, gekreuzt;hohe Qualität durch 3 GOLD-Schichten, gold-plattiert, längs-gestreift
30214-54;;;Ring, 10mm gold-plattiert glänzend;hohe Qualität durch 3 GOLD-Schichten, gold-plattiert
30214-56;;;Ring, 10mm gold-plattiert glänzend;hohe Qualität durch 3 GOLD-Schichten, gold-plattiert
30214-60;;;Ring, 10mm gold-plattiert glänzend;hohe Qualität durch 3 GOLD-Schichten, gold-plattiert
30214-62;;;Ring, 10mm gold-plattiert glänzend;hohe Qualität durch 3 GOLD-Schichten, gold-plattiert
30215-56;;;Ring, 4mm gold-plattiert Zirkonia;hohe Qualität durch 3 GOLD-Schichten, gold-plattiert, kleiner Zirkonia
30215-60;;;Ring, 4mm gold-plattiert Zirkonia;hohe Qualität durch 3 GOLD-Schichten, gold-plattiert, kleiner Zirkonia
30217-54;;;Ring, 8mm gold-plattiert 3-streifig;hohe Qualität durch 3 GOLD-Schichten, gold-plattiert
30217-60;;;Ring, 8mm gold-plattiert 3-streifig;hohe Qualität durch 3 GOLD-Schichten, gold-plattiert
30218-54;;;Ring, 9mm gold-plattiert Zirkonia;hohe Qualität durch 3 GOLD-Schichten, gold-plattiert, 6mm quadratischer Zirkonia
30218-56;;;Ring, 9mm gold-plattiert Zirkonia;hohe Qualität durch 3 GOLD-Schichten, gold-plattiert, 6mm quadratischer Zirkonia
30218-58;;;Ring, 9mm gold-plattiert Zirkonia;hohe Qualität durch 3 GOLD-Schichten, gold-plattiert, 6mm quadratischer Zirkonia
30218-60;;;Ring, 9mm gold-plattiert Zirkonia;hohe Qualität durch 3 GOLD-Schichten, gold-plattiert, 6mm quadratischer Zirkonia
30219-54;;hochwertig gefertigter XXL Fingerring in bester Juwelierqualität durch 3 GOLD-Schichten, gold-plattiert, Schmetterling mit 6 Zirkonias, bicolor-teilrhodiniert;Ring, gold-plattiert Schmetterling;hohe Qualität durch 3 GOLD-Schichten, gold-plattiert, Schmetterling mit 6 Zirkonias, bicolor-teilrhodiniert
30219-60;;hochwertig gefertigter XXL Fingerring in bester Juwelierqualität durch 3 GOLD-Schichten, gold-plattiert, Schmetterling mit 6 Zirkonias, bicolor-teilrhodiniert;Ring, gold-plattiert Schmetterling;hohe Qualität durch 3 GOLD-Schichten, gold-plattiert, Schmetterling mit 6 Zirkonias, bicolor-teilrhodiniert
30219-62;;hochwertig gefertigter XXL Fingerring in bester Juwelierqualität durch 3 GOLD-Schichten, gold-plattiert, Schmetterling mit 6 Zirkonias, bicolor-teilrhodiniert;Ring, gold-plattiert Schmetterling;hohe Qualität durch 3 GOLD-Schichten, gold-plattiert, Schmetterling mit 6 Zirkonias, bicolor-teilrhodiniert
30219-64;;;Ring, gold-plattiert Schmetterling;hohe Qualität durch 3 GOLD-Schichten, gold-plattiert, Schmetterling mit 6 Zirkonias, bicolor-teilrhodiniert
30221-56;;;Ring, gold-plattiert Schmetterling;hohe Qualität durch 3 GOLD-Schichten, gold-plattiert, Schmetterling, lila-marmor emailliert und kleinem Zirkonia
30221-58;;;Ring, gold-plattiert Schmetterling;hohe Qualität durch 3 GOLD-Schichten, gold-plattiert, Schmetterling, lila-marmor emailliert und kleinem Zirkonia
30221-60;;;Ring, gold-plattiert Schmetterling;hohe Qualität durch 3 GOLD-Schichten, gold-plattiert, Schmetterling, lila-marmor emailliert und kleinem Zirkonia
30221-62;;;Ring, gold-plattiert Schmetterling;hohe Qualität durch 3 GOLD-Schichten, gold-plattiert, Schmetterling, lila-marmor emailliert und kleinem Zirkonia
30221-64;;;Ring, gold-plattiert Schmetterling;hohe Qualität durch 3 GOLD-Schichten, gold-plattiert, Schmetterling, lila-marmor emailliert und kleinem Zirkonia
30233;;;Anhänger kleine Elfe vergoldet 3 Micron;Anhängerschlaufe ist ein runder Zirkonia, mit Zirkonias in den Flügeln
30234;;;Anhänger Sternenpaar vergoldet 3 Micron;großer Stern mit Rand aus gefassten weißen Zirkonias, kleiner Stern goldfarbend glänzend
30235;;;Anhänger 3 Zirkonias vergoldet 3 Micron;3 unterschiedlich große Zirkonias untereinander, rund gefasst, zwischen dem oberen und zweiten Zirkonia beweglich
30236;;;Anhänger Totenkopf vergoldet 3 Micron;3 unterschiedlich große Zirkonias untereinander, rund gefasst, zwischen dem oberen und zweiten Zirkonia beweglich
30237;;;Anhänger Kleeblatt vergoldet 3 Micron;vierblättriges Kleeblatt, Blätter mit schwarzem Zirkonia, Dicke ca. 4,5mm
30238;;;Anhänger Davidstern vergoldet 3 Micron;Hexagramm-Symbol, Schild Davids, glänzend
30239;;;Anhänger Kugel vergoldet 3 Micron;rundum mit schwarzen Zirkonias besetzt, Durchlaufperle mit 4mm Öffnung
30240;;;Anhänger Herz vergoldet 3 Micron;großes Herz mit vielen Zirkonias besetzt
30241;;;Anhänger Elefant vergoldet 3 Micron;Halskrause mit Zirkonia besetzt
30242;;;Stecker Schmetterling vergoldet 3 Micron;4 Zirkonias auf jedem Flügel
30243;;;Anhänger Herz vergoldet 3 Micron;Herz im Herz, kleines Herz mit vielen Zirkonias besetzt
30244;;;Anhänger Herz vergoldet 3 Micron;Herz mit 3 Zirkonias besetzt
30245;;Fein gearbeiteter Anhänger Violinschlüssel aus Doublé, 3 Micron vergoldet. Ein tolles Schmuckstück für alle Musikliebhaber!;Anhänger Notenschlüssel vergoldet;3 Micron vergoldet
30246;;;Anhänger Herz vergoldet 3 Micron;Herz mit Zirkonias
30247;;;Creole gedreht vergoldet 3 Micron;-
30248;;;Stecker Schmetterling vergoldet 3 Micron;Flügelmuster durchbrochen
30249;;;Creole gedreht vergoldet 3 Micron;-
30250;;;Anhänger Zirkonias vergoldet 3 Micron;-
30251;;;Anhänger Herz Schloss vergoldet 3 Micron;Schloss mit Schlüssel, Schloss in Herzform mit einem Zirkonia im Schlüsselloch
30252;;;Anhänger Taube vergoldet 3 Micron;ähnlich einer Friedenstaube, Flügel durchbrochen, Bauch mit Zirkonias besetzt
30253;;;Anhänger Herz vergoldet 3 Micron;Herz mit Zirkonias, mit 2 versteckten Durchlaufösen auf der Rückseite
30254;;;Anhänger Lurch vergoldet 3 Micron;ähnlich einem Salamandertier, mit vielen Zirkonias verziert
30255;;;Anhänger Damenschuh vergoldet 3 Micron;Highheels, bicolor, Anhängeröse und Riemen auf dem Spann rhodiniert und mit Zirkonias verziert
30256;;;Anhänger Kreuz Zirkonia vergoldet;
30257;;;Creole mit Muster vergoldet 3 Micron;-
30258;;;Anhänger Delfinpaar vergoldet 3 Micron;mit 3 Zirkonias
30259;;;Anhänger Kleeblatt vergoldet 3 Micron;vierblättriges Kleeblatt, mit fester Öse 17x11mm
30260;;;Anhänger Medaillon vergoldet 3 Micron;Medaillon zum Öffnen, beidseitig mit Muster
30261;;;Anhänger Kreuz vergoldet 3 Micron;
30262;;;Stecker Stern doppelt vergoldet 3 Micron;über dem großen Stern hängt ein kleiner Stern mit Zirkonias und ist beweglich